[    5700ms] [INFO] %cDownload the React DevTools for a better development experience: https://react.dev/link/react-devtools font-weight:bold @ http://localhost:9002/_next/static/chunks/node_modules_next_dist_compiled_react-dom_1e674e59._.js:14537
[    6261ms] [LOG] [Fast Refresh] rebuilding @ http://localhost:9002/_next/static/chunks/node_modules_next_dist_client_cf1d9188._.js:5949
[    6482ms] [LOG] [Fast Refresh] done in 323ms @ http://localhost:9002/_next/static/chunks/node_modules_next_dist_client_cf1d9188._.js:5809
[   22797ms] [LOG] [Fast Refresh] rebuilding @ http://localhost:9002/_next/static/chunks/node_modules_next_dist_client_cf1d9188._.js:5949
[   23719ms] [LOG] [Fast Refresh] done in 898ms @ http://localhost:9002/_next/static/chunks/node_modules_next_dist_client_cf1d9188._.js:5809
[   91348ms] [LOG] [Fast Refresh] rebuilding @ http://localhost:9002/_next/static/chunks/node_modules_next_dist_client_cf1d9188._.js:5949
[   92759ms] [LOG] [Fast Refresh] done in 1397ms @ http://localhost:9002/_next/static/chunks/node_modules_next_dist_client_cf1d9188._.js:5809
[  127344ms] [LOG] [Fast Refresh] rebuilding @ http://localhost:9002/_next/static/chunks/node_modules_next_dist_client_cf1d9188._.js:5949
[  128174ms] [LOG] [Fast Refresh] done in 936ms @ http://localhost:9002/_next/static/chunks/node_modules_next_dist_client_cf1d9188._.js:5809
[  187416ms] [LOG] [Fast Refresh] rebuilding @ http://localhost:9002/_next/static/chunks/node_modules_next_dist_client_cf1d9188._.js:5949
[  188064ms] [LOG] [Fast Refresh] done in 736ms @ http://localhost:9002/_next/static/chunks/node_modules_next_dist_client_cf1d9188._.js:5809
[  255798ms] [LOG] [Fast Refresh] rebuilding @ http://localhost:9002/_next/static/chunks/node_modules_next_dist_client_cf1d9188._.js:5949
[  256506ms] [LOG] [Fast Refresh] done in 817ms @ http://localhost:9002/_next/static/chunks/node_modules_next_dist_client_cf1d9188._.js:5809
[  309190ms] [LOG] [Fast Refresh] rebuilding @ http://localhost:9002/_next/static/chunks/node_modules_next_dist_client_cf1d9188._.js:5949
[  311013ms] [ERROR] ./src/app/therapist/dashboard/modules/SettingsPage.tsx:234:41
Parsing ecmascript source code failed
  232 |   const filteredCabinetFields = useMemo(
  233 |     () => cabinetFields.filter((field) => !normalizedSearch || field.label.toLowerCase().includes(normalizedSearch)),
> 234 |     [cabinetFields, normalizedS    <div className="flex-1 flex flex-col bg-[#FDFDFB] h-full overflow-hidden text-neutral-900 scrollbar-hide">
      |                                         ^^^^^^^^^
  235 |       <main className="flex-1 overflow-y-auto p-4 lg:p-6 scrollbar-hide">
  236 |         <div className="max-w-[900px] mx-auto space-y-6">
  237 |           

Expected ',', got 'className'

Import traces:
  Client Component Browser:
    ./src/app/therapist/dashboard/modules/SettingsPage.tsx [Client Component Browser]
    ./src/app/therapist/dashboard/page.tsx [Client Component Browser]
    ./src/app/therapist/dashboard/page.tsx [Server Component]

  Client Component SSR:
    ./src/app/therapist/dashboard/modules/SettingsPage.tsx [Client Component SSR]
    ./src/app/therapist/dashboard/page.tsx [Client Component SSR]
    ./src/app/therapist/dashboard/page.tsx [Server Component] @ http://localhost:9002/_next/static/chunks/node_modules_next_dist_b0daae9a._.js:2359
[  311055ms] [LOG] {file: Object} @ http://localhost:9002/_next/static/chunks/node_modules_next_dist_compiled_next-devtools_index_a9cb0712.js:16058
[  359031ms] [LOG] [Fast Refresh] rebuilding @ http://localhost:9002/_next/static/chunks/node_modules_next_dist_client_cf1d9188._.js:5949
[  363679ms] [ERROR] ./src/app/therapist/dashboard/modules/SettingsPage.tsx:234:41
Parsing ecmascript source code failed
  232 |   const filteredCabinetFields = useMemo(
  233 |     () => cabinetFields.filter((field) => !normalizedSearch || field.label.toLowerCase().includes(normalizedSearch)),
> 234 |     [cabinetFields, normalizedS    <div className="flex-1 flex flex-col bg-[#FDFDFB] h-full overflow-hidden text-neutral-900 scrollbar-hide">
      |                                         ^^^^^^^^^
  235 |       <main className="flex-1 overflow-y-auto p-4 lg:p-6 scrollbar-hide">
  236 |         <div className="max-w-[900px] mx-auto space-y-6">
  237 |           

Expected ',', got 'className'

Import traces:
  Client Component Browser:
    ./src/app/therapist/dashboard/modules/SettingsPage.tsx [Client Component Browser]
    ./src/app/therapist/dashboard/page.tsx [Client Component Browser]
    ./src/app/therapist/dashboard/page.tsx [Server Component]

  Client Component SSR:
    ./src/app/therapist/dashboard/modules/SettingsPage.tsx [Client Component SSR]
    ./src/app/therapist/dashboard/page.tsx [Client Component SSR]
    ./src/app/therapist/dashboard/page.tsx [Server Component] @ http://localhost:9002/_next/static/chunks/node_modules_next_dist_b0daae9a._.js:2359
[  376397ms] [LOG] [Fast Refresh] rebuilding @ http://localhost:9002/_next/static/chunks/node_modules_next_dist_client_cf1d9188._.js:5949
[  376613ms] [ERROR] ./src/app/therapist/dashboard/modules/SettingsPage.tsx:234:41
Parsing ecmascript source code failed
  232 |   const filteredCabinetFields = useMemo(
  233 |     () => cabinetFields.filter((field) => !normalizedSearch || field.label.toLowerCase().includes(normalizedSearch)),
> 234 |     [cabinetFields, normalizedS    <div className="flex-1 flex flex-col bg-[#FDFDFB] h-full overflow-hidden text-neutral-900 scrollbar-hide">
      |                                         ^^^^^^^^^
  235 |       <main className="flex-1 overflow-y-auto p-4 lg:p-6 scrollbar-hide">
  236 |         <div className="max-w-[900px] mx-auto space-y-6">
  237 |           

Expected ',', got 'className'

Import traces:
  Client Component Browser:
    ./src/app/therapist/dashboard/modules/SettingsPage.tsx [Client Component Browser]
    ./src/app/therapist/dashboard/page.tsx [Client Component Browser]
    ./src/app/therapist/dashboard/page.tsx [Server Component]

  Client Component SSR:
    ./src/app/therapist/dashboard/modules/SettingsPage.tsx [Client Component SSR]
    ./src/app/therapist/dashboard/page.tsx [Client Component SSR]
    ./src/app/therapist/dashboard/page.tsx [Server Component] @ http://localhost:9002/_next/static/chunks/node_modules_next_dist_b0daae9a._.js:2359
[  377886ms] [ERROR] ./src/app/therapist/dashboard/modules/SettingsPage.tsx:234:41
Parsing ecmascript source code failed
  232 |   const filteredCabinetFields = useMemo(
  233 |     () => cabinetFields.filter((field) => !normalizedSearch || field.label.toLowerCase().includes(normalizedSearch)),
> 234 |     [cabinetFields, normalizedS    <div className="flex-1 flex flex-col bg-[#FDFDFB] h-full overflow-hidden text-neutral-900 scrollbar-hide">
      |                                         ^^^^^^^^^
  235 |       <main className="flex-1 overflow-y-auto p-4 lg:p-6 scrollbar-hide">
  236 |         <div className="max-w-[900px] mx-auto space-y-6">
  237 |           

Expected ',', got 'className'

Import traces:
  Client Component Browser:
    ./src/app/therapist/dashboard/modules/SettingsPage.tsx [Client Component Browser]
    ./src/app/therapist/dashboard/page.tsx [Client Component Browser]
    ./src/app/therapist/dashboard/page.tsx [Server Component]

  Client Component SSR:
    ./src/app/therapist/dashboard/modules/SettingsPage.tsx [Client Component SSR]
    ./src/app/therapist/dashboard/page.tsx [Client Component SSR]
    ./src/app/therapist/dashboard/page.tsx [Server Component] @ http://localhost:9002/_next/static/chunks/node_modules_next_dist_b0daae9a._.js:2359
[  377916ms] [LOG] [Fast Refresh] rebuilding @ http://localhost:9002/_next/static/chunks/node_modules_next_dist_client_cf1d9188._.js:5949
[  389397ms] [LOG] [Fast Refresh] rebuilding @ http://localhost:9002/_next/static/chunks/node_modules_next_dist_client_cf1d9188._.js:5949
[  402018ms] [ERROR] ./src/app/therapist/dashboard/modules/SettingsPage.tsx:234:16
Parsing ecmascript source code failed
  232 |   const filteredCabinetFields = useMemo(
  233 |     () => cabinetFields.filter((field) => !normalizedSearch || field.label.toLowerCase().includes(normalizedSearch)),
> 234 |     [c    <div className="flex-1 flex flex-col bg-[#FDFDFB] h-full overflow-hidden text-neutral-900 scrollbar-hide">
      |                ^^^^^^^^^
  235 |       <main className="flex-1 overflow-y-auto p-3 lg:p-4 scrollbar-hide">
  236 |         <div className="max-w-[760px] mx-auto space-y-4">
  237 |           

Expected ',', got 'className'

Import traces:
  Client Component Browser:
    ./src/app/therapist/dashboard/modules/SettingsPage.tsx [Client Component Browser]
    ./src/app/therapist/dashboard/page.tsx [Client Component Browser]
    ./src/app/therapist/dashboard/page.tsx [Server Component]

  Client Component SSR:
    ./src/app/therapist/dashboard/modules/SettingsPage.tsx [Client Component SSR]
    ./src/app/therapist/dashboard/page.tsx [Client Component SSR]
    ./src/app/therapist/dashboard/page.tsx [Server Component] @ http://localhost:9002/_next/static/chunks/node_modules_next_dist_b0daae9a._.js:2359
[  402100ms] [LOG] {file: Object} @ http://localhost:9002/_next/static/chunks/node_modules_next_dist_compiled_next-devtools_index_a9cb0712.js:16058
[  413163ms] [LOG] [Fast Refresh] rebuilding @ http://localhost:9002/_next/static/chunks/node_modules_next_dist_client_cf1d9188._.js:5949
[  413843ms] [ERROR] ./src/app/therapist/dashboard/modules/SettingsPage.tsx:234:16
Parsing ecmascript source code failed
  232 |   const filteredCabinetFields = useMemo(
  233 |     () => cabinetFields.filter((field) => !normalizedSearch || field.label.toLowerCase().includes(normalizedSearch)),
> 234 |     [c    <div className="flex-1 flex flex-col bg-[#FDFDFB] h-full overflow-hidden text-neutral-900 scrollbar-hide">
      |                ^^^^^^^^^
  235 |       <main className="flex-1 overflow-y-auto p-3 lg:p-4 scrollbar-hide">
  236 |         <div className="max-w-[760px] mx-auto space-y-4">
  237 |           

Expected ',', got 'className'

Import traces:
  Client Component Browser:
    ./src/app/therapist/dashboard/modules/SettingsPage.tsx [Client Component Browser]
    ./src/app/therapist/dashboard/page.tsx [Client Component Browser]
    ./src/app/therapist/dashboard/page.tsx [Server Component]

  Client Component SSR:
    ./src/app/therapist/dashboard/modules/SettingsPage.tsx [Client Component SSR]
    ./src/app/therapist/dashboard/page.tsx [Client Component SSR]
    ./src/app/therapist/dashboard/page.tsx [Server Component] @ http://localhost:9002/_next/static/chunks/node_modules_next_dist_b0daae9a._.js:2359
[  417769ms] [ERROR] ./src/app/therapist/dashboard/modules/SettingsPage.tsx:234:16
Parsing ecmascript source code failed
  232 |   const filteredCabinetFields = useMemo(
  233 |     () => cabinetFields.filter((field) => !normalizedSearch || field.label.toLowerCase().includes(normalizedSearch)),
> 234 |     [c    <div className="flex-1 flex flex-col bg-[#FDFDFB] h-full overflow-hidden text-neutral-900 scrollbar-hide">
      |                ^^^^^^^^^
  235 |       <main className="flex-1 overflow-y-auto p-3 lg:p-4 scrollbar-hide">
  236 |         <div className="max-w-[760px] mx-auto space-y-4">
  237 |           

Expected ',', got 'className'

Import traces:
  Client Component Browser:
    ./src/app/therapist/dashboard/modules/SettingsPage.tsx [Client Component Browser]
    ./src/app/therapist/dashboard/page.tsx [Client Component Browser]
    ./src/app/therapist/dashboard/page.tsx [Server Component]

  Client Component SSR:
    ./src/app/therapist/dashboard/modules/SettingsPage.tsx [Client Component SSR]
    ./src/app/therapist/dashboard/page.tsx [Client Component SSR]
    ./src/app/therapist/dashboard/page.tsx [Server Component] @ http://localhost:9002/_next/static/chunks/node_modules_next_dist_b0daae9a._.js:2359
[  417820ms] [LOG] [Fast Refresh] rebuilding @ http://localhost:9002/_next/static/chunks/node_modules_next_dist_client_cf1d9188._.js:5949
[  418178ms] [ERROR] ./src/app/therapist/dashboard/modules/SettingsPage.tsx:234:16
Parsing ecmascript source code failed
  232 |   const filteredCabinetFields = useMemo(
  233 |     () => cabinetFields.filter((field) => !normalizedSearch || field.label.toLowerCase().includes(normalizedSearch)),
> 234 |     [c    <div className="flex-1 flex flex-col bg-[#FDFDFB] h-full overflow-hidden text-neutral-900 scrollbar-hide">
      |                ^^^^^^^^^
  235 |       <main className="flex-1 overflow-y-auto p-3 lg:p-4 scrollbar-hide">
  236 |         <div className="max-w-[760px] mx-auto space-y-4">
  237 |           

Expected ',', got 'className'

Import traces:
  Client Component Browser:
    ./src/app/therapist/dashboard/modules/SettingsPage.tsx [Client Component Browser]
    ./src/app/therapist/dashboard/page.tsx [Client Component Browser]
    ./src/app/therapist/dashboard/page.tsx [Server Component]

  Client Component SSR:
    ./src/app/therapist/dashboard/modules/SettingsPage.tsx [Client Component SSR]
    ./src/app/therapist/dashboard/page.tsx [Client Component SSR]
    ./src/app/therapist/dashboard/page.tsx [Server Component] @ http://localhost:9002/_next/static/chunks/node_modules_next_dist_b0daae9a._.js:2359
[  418241ms] [LOG] [Fast Refresh] rebuilding @ http://localhost:9002/_next/static/chunks/node_modules_next_dist_client_cf1d9188._.js:5949
[  419885ms] [LOG] [Fast Refresh] rebuilding @ http://localhost:9002/_next/static/chunks/node_modules_next_dist_client_cf1d9188._.js:5949
[  420658ms] [ERROR] ./src/app/therapist/dashboard/modules/SettingsPage.tsx:234:16
Parsing ecmascript source code failed
  232 |   const filteredCabinetFields = useMemo(
  233 |     () => cabinetFields.filter((field) => !normalizedSearch || field.label.toLowerCase().includes(normalizedSearch)),
> 234 |     [c    <div className="flex-1 flex flex-col bg-[#FDFDFB] h-full overflow-hidden text-neutral-900 scrollbar-hide">
      |                ^^^^^^^^^
  235 |       <main className="flex-1 overflow-y-auto p-3 lg:p-4 scrollbar-hide">
  236 |         <div className="max-w-[760px] mx-auto space-y-4">
  237 |           

Expected ',', got 'className'

Import traces:
  Client Component Browser:
    ./src/app/therapist/dashboard/modules/SettingsPage.tsx [Client Component Browser]
    ./src/app/therapist/dashboard/page.tsx [Client Component Browser]
    ./src/app/therapist/dashboard/page.tsx [Server Component]

  Client Component SSR:
    ./src/app/therapist/dashboard/modules/SettingsPage.tsx [Client Component SSR]
    ./src/app/therapist/dashboard/page.tsx [Client Component SSR]
    ./src/app/therapist/dashboard/page.tsx [Server Component] @ http://localhost:9002/_next/static/chunks/node_modules_next_dist_b0daae9a._.js:2359
[  469072ms] [LOG] [Fast Refresh] rebuilding @ http://localhost:9002/_next/static/chunks/node_modules_next_dist_client_cf1d9188._.js:5949
[  469079ms] [ERROR] ./src/app/therapist/dashboard/modules/SettingsPage.tsx:234:16
Parsing ecmascript source code failed
  232 |   const filteredCabinetFields = useMemo(
  233 |     () => cabinetFields.filter((field) => !normalizedSearch || field.label.toLowerCase().includes(normalizedSearch)),
> 234 |     [c    <div className="flex-1 flex flex-col bg-[#FDFDFB] h-full overflow-hidden text-neutral-900 scrollbar-hide">
      |                ^^^^^^^^^
  235 |       <main className="flex-1 overflow-y-auto p-3 lg:p-4 scrollbar-hide">
  236 |         <div className="max-w-[760px] mx-auto space-y-4">
  237 |           

Expected ',', got 'className'

Import traces:
  Client Component Browser:
    ./src/app/therapist/dashboard/modules/SettingsPage.tsx [Client Component Browser]
    ./src/app/therapist/dashboard/page.tsx [Client Component Browser]
    ./src/app/therapist/dashboard/page.tsx [Server Component]

  Client Component SSR:
    ./src/app/therapist/dashboard/modules/SettingsPage.tsx [Client Component SSR]
    ./src/app/therapist/dashboard/page.tsx [Client Component SSR]
    ./src/app/therapist/dashboard/page.tsx [Server Component] @ http://localhost:9002/_next/static/chunks/node_modules_next_dist_b0daae9a._.js:2359
[  469368ms] [ERROR] ./src/app/therapist/dashboard/modules/SettingsPage.tsx:234:16
Parsing ecmascript source code failed
  232 |   const filteredCabinetFields = useMemo(
  233 |     () => cabinetFields.filter((field) => !normalizedSearch || field.label.toLowerCase().includes(normalizedSearch)),
> 234 |     [c    <div className="flex-1 flex flex-col bg-[#FDFDFB] h-full overflow-hidden text-neutral-900 scrollbar-hide">
      |                ^^^^^^^^^
  235 |       <main className="flex-1 overflow-y-auto p-3 lg:p-4 scrollbar-hide">
  236 |         <div className="max-w-[760px] mx-auto space-y-4">
  237 |           

Expected ',', got 'className'

Import traces:
  Client Component Browser:
    ./src/app/therapist/dashboard/modules/SettingsPage.tsx [Client Component Browser]
    ./src/app/therapist/dashboard/page.tsx [Client Component Browser]
    ./src/app/therapist/dashboard/page.tsx [Server Component]

  Client Component SSR:
    ./src/app/therapist/dashboard/modules/SettingsPage.tsx [Client Component SSR]
    ./src/app/therapist/dashboard/page.tsx [Client Component SSR]
    ./src/app/therapist/dashboard/page.tsx [Server Component] @ http://localhost:9002/_next/static/chunks/node_modules_next_dist_b0daae9a._.js:2359
[  469415ms] [LOG] [Fast Refresh] rebuilding @ http://localhost:9002/_next/static/chunks/node_modules_next_dist_client_cf1d9188._.js:5949
[  470434ms] [LOG] [Fast Refresh] rebuilding @ http://localhost:9002/_next/static/chunks/node_modules_next_dist_client_cf1d9188._.js:5949
[  470538ms] [ERROR] ./src/app/therapist/dashboard/modules/SettingsPage.tsx:234:16
Parsing ecmascript source code failed
  232 |   const filteredCabinetFields = useMemo(
  233 |     () => cabinetFields.filter((field) => !normalizedSearch || field.label.toLowerCase().includes(normalizedSearch)),
> 234 |     [c    <div className="flex-1 flex flex-col bg-[#FDFDFB] h-full overflow-hidden text-neutral-900 scrollbar-hide">
      |                ^^^^^^^^^
  235 |       <main className="flex-1 overflow-y-auto p-3 lg:p-4 scrollbar-hide">
  236 |         <div className="max-w-[760px] mx-auto space-y-4">
  237 |           

Expected ',', got 'className'

Import traces:
  Client Component Browser:
    ./src/app/therapist/dashboard/modules/SettingsPage.tsx [Client Component Browser]
    ./src/app/therapist/dashboard/page.tsx [Client Component Browser]
    ./src/app/therapist/dashboard/page.tsx [Server Component]

  Client Component SSR:
    ./src/app/therapist/dashboard/modules/SettingsPage.tsx [Client Component SSR]
    ./src/app/therapist/dashboard/page.tsx [Client Component SSR]
    ./src/app/therapist/dashboard/page.tsx [Server Component] @ http://localhost:9002/_next/static/chunks/node_modules_next_dist_b0daae9a._.js:2359
[  474367ms] [LOG] [Fast Refresh] rebuilding @ http://localhost:9002/_next/static/chunks/node_modules_next_dist_client_cf1d9188._.js:5949
[  476175ms] [ERROR] ./src/app/therapist/dashboard/modules/SettingsPage.tsx:233:109
Parsing ecmascript source code failed
  231 |   );
  232 |   const filteredCabinetFields = useMemo(
> 233 |     () => cabinetFields.filter((field) => !normalizedSearch || field.label.toLowerCase().includes(n    <div className="flex-1 flex flex-col bg-[#FDFDFB] h-full overflow-hidden text-neutral-900 scrollbar-hide">
      |                                                                                                             ^^^^^^^^^
  234 |       <main className="flex-1 overflow-y-auto p-2 lg:p-3 scrollbar-hide">
  235 |         <div className="max-w-[680px] mx-auto space-y-3">
  236 |           

Expected ',', got 'className'

Import traces:
  Client Component Browser:
    ./src/app/therapist/dashboard/modules/SettingsPage.tsx [Client Component Browser]
    ./src/app/therapist/dashboard/page.tsx [Client Component Browser]
    ./src/app/therapist/dashboard/page.tsx [Server Component]

  Client Component SSR:
    ./src/app/therapist/dashboard/modules/SettingsPage.tsx [Client Component SSR]
    ./src/app/therapist/dashboard/page.tsx [Client Component SSR]
    ./src/app/therapist/dashboard/page.tsx [Server Component] @ http://localhost:9002/_next/static/chunks/node_modules_next_dist_b0daae9a._.js:2359
[  476225ms] [LOG] {file: Object} @ http://localhost:9002/_next/static/chunks/node_modules_next_dist_compiled_next-devtools_index_a9cb0712.js:16058
[  483756ms] [LOG] [Fast Refresh] rebuilding @ http://localhost:9002/_next/static/chunks/node_modules_next_dist_client_cf1d9188._.js:5949
[  484171ms] [ERROR] ./src/app/therapist/dashboard/modules/SettingsPage.tsx:233:109
Parsing ecmascript source code failed
  231 |   );
  232 |   const filteredCabinetFields = useMemo(
> 233 |     () => cabinetFields.filter((field) => !normalizedSearch || field.label.toLowerCase().includes(n    <div className="flex-1 flex flex-col bg-[#FDFDFB] h-full overflow-hidden text-neutral-900 scrollbar-hide">
      |                                                                                                             ^^^^^^^^^
  234 |       <main className="flex-1 overflow-y-auto p-2 lg:p-3 scrollbar-hide">
  235 |         <div className="max-w-[680px] mx-auto space-y-3">
  236 |           

Expected ',', got 'className'

Import traces:
  Client Component Browser:
    ./src/app/therapist/dashboard/modules/SettingsPage.tsx [Client Component Browser]
    ./src/app/therapist/dashboard/page.tsx [Client Component Browser]
    ./src/app/therapist/dashboard/page.tsx [Server Component]

  Client Component SSR:
    ./src/app/therapist/dashboard/modules/SettingsPage.tsx [Client Component SSR]
    ./src/app/therapist/dashboard/page.tsx [Client Component SSR]
    ./src/app/therapist/dashboard/page.tsx [Server Component] @ http://localhost:9002/_next/static/chunks/node_modules_next_dist_b0daae9a._.js:2359
[  518136ms] [ERROR] ./src/app/therapist/dashboard/modules/SettingsPage.tsx:233:109
Parsing ecmascript source code failed
  231 |   );
  232 |   const filteredCabinetFields = useMemo(
> 233 |     () => cabinetFields.filter((field) => !normalizedSearch || field.label.toLowerCase().includes(n    <div className="flex-1 flex flex-col bg-[#FDFDFB] h-full overflow-hidden text-neutral-900 scrollbar-hide">
      |                                                                                                             ^^^^^^^^^
  234 |       <main className="flex-1 overflow-y-auto p-2 lg:p-3 scrollbar-hide">
  235 |         <div className="max-w-[680px] mx-auto space-y-3">
  236 |           

Expected ',', got 'className'

Import traces:
  Client Component Browser:
    ./src/app/therapist/dashboard/modules/SettingsPage.tsx [Client Component Browser]
    ./src/app/therapist/dashboard/page.tsx [Client Component Browser]
    ./src/app/therapist/dashboard/page.tsx [Server Component]

  Client Component SSR:
    ./src/app/therapist/dashboard/modules/SettingsPage.tsx [Client Component SSR]
    ./src/app/therapist/dashboard/page.tsx [Client Component SSR]
    ./src/app/therapist/dashboard/page.tsx [Server Component] @ http://localhost:9002/_next/static/chunks/node_modules_next_dist_b0daae9a._.js:2359
[  518165ms] [LOG] [Fast Refresh] rebuilding @ http://localhost:9002/_next/static/chunks/node_modules_next_dist_client_cf1d9188._.js:5949
[  518768ms] [LOG] [Fast Refresh] rebuilding @ http://localhost:9002/_next/static/chunks/node_modules_next_dist_client_cf1d9188._.js:5949
[  518787ms] [ERROR] ./src/app/therapist/dashboard/modules/SettingsPage.tsx:233:109
Parsing ecmascript source code failed
  231 |   );
  232 |   const filteredCabinetFields = useMemo(
> 233 |     () => cabinetFields.filter((field) => !normalizedSearch || field.label.toLowerCase().includes(n    <div className="flex-1 flex flex-col bg-[#FDFDFB] h-full overflow-hidden text-neutral-900 scrollbar-hide">
      |                                                                                                             ^^^^^^^^^
  234 |       <main className="flex-1 overflow-y-auto p-2 lg:p-3 scrollbar-hide">
  235 |         <div className="max-w-[680px] mx-auto space-y-3">
  236 |           

Expected ',', got 'className'

Import traces:
  Client Component Browser:
    ./src/app/therapist/dashboard/modules/SettingsPage.tsx [Client Component Browser]
    ./src/app/therapist/dashboard/page.tsx [Client Component Browser]
    ./src/app/therapist/dashboard/page.tsx [Server Component]

  Client Component SSR:
    ./src/app/therapist/dashboard/modules/SettingsPage.tsx [Client Component SSR]
    ./src/app/therapist/dashboard/page.tsx [Client Component SSR]
    ./src/app/therapist/dashboard/page.tsx [Server Component] @ http://localhost:9002/_next/static/chunks/node_modules_next_dist_b0daae9a._.js:2359
[  567297ms] [LOG] [Fast Refresh] rebuilding @ http://localhost:9002/_next/static/chunks/node_modules_next_dist_client_cf1d9188._.js:5949
[  571183ms] [LOG] [Fast Refresh] done in 3842ms @ http://localhost:9002/_next/static/chunks/node_modules_next_dist_client_cf1d9188._.js:5809
[  574065ms] [LOG] [Fast Refresh] rebuilding @ http://localhost:9002/_next/static/chunks/node_modules_next_dist_client_cf1d9188._.js:5949
[  574490ms] [LOG] [Fast Refresh] done in 526ms @ http://localhost:9002/_next/static/chunks/node_modules_next_dist_client_cf1d9188._.js:5809
[  661932ms] [LOG] [Fast Refresh] rebuilding @ http://localhost:9002/_next/static/chunks/node_modules_next_dist_client_cf1d9188._.js:5949
[  663211ms] [ERROR] ./src/app/therapist/dashboard/modules/SettingsPage.tsx:230:23
Parsing ecmascript source code failed
  228 |   const filteredWhatsappFields = useMemo(
  229 |     () => whatsappFields.filter((field) => !normalizedSearch || field.label.toLowerCase().includes(normalizedSearch)),
> 230 |     [normalizedSearc  const filteredCabinetFields = useMemo(
      |                       ^^^^^
  231 |     () => cabinetFields.filter((field) => !normalizedSearch || field.label.toLowerCase().includes(normalizedSearch)),
  232 |     [normalizedSearch, cabinetFields],
  233 |   );

Expected ',', got 'const'

Import traces:
  Client Component Browser:
    ./src/app/therapist/dashboard/modules/SettingsPage.tsx [Client Component Browser]
    ./src/app/therapist/dashboard/page.tsx [Client Component Browser]
    ./src/app/therapist/dashboard/page.tsx [Server Component]

  Client Component SSR:
    ./src/app/therapist/dashboard/modules/SettingsPage.tsx [Client Component SSR]
    ./src/app/therapist/dashboard/page.tsx [Client Component SSR]
    ./src/app/therapist/dashboard/page.tsx [Server Component] @ http://localhost:9002/_next/static/chunks/node_modules_next_dist_b0daae9a._.js:2359
[  663373ms] [LOG] {file: Object} @ http://localhost:9002/_next/static/chunks/node_modules_next_dist_compiled_next-devtools_index_a9cb0712.js:16058
[  691589ms] [LOG] [Fast Refresh] rebuilding @ http://localhost:9002/_next/static/chunks/node_modules_next_dist_client_cf1d9188._.js:5949
[  691787ms] [ERROR] ./src/app/therapist/dashboard/modules/SettingsPage.tsx:230:23
Parsing ecmascript source code failed
  228 |   const filteredWhatsappFields = useMemo(
  229 |     () => whatsappFields.filter((field) => !normalizedSearch || field.label.toLowerCase().includes(normalizedSearch)),
> 230 |     [normalizedSearc  const filteredCabinetFields = useMemo(
      |                       ^^^^^
  231 |     () => cabinetFields.filter((field) => !normalizedSearch || field.label.toLowerCase().includes(normalizedSearch)),
  232 |     [normalizedSearch, cabinetFields],
  233 |   );

Expected ',', got 'const'

Import traces:
  Client Component Browser:
    ./src/app/therapist/dashboard/modules/SettingsPage.tsx [Client Component Browser]
    ./src/app/therapist/dashboard/page.tsx [Client Component Browser]
    ./src/app/therapist/dashboard/page.tsx [Server Component]

  Client Component SSR:
    ./src/app/therapist/dashboard/modules/SettingsPage.tsx [Client Component SSR]
    ./src/app/therapist/dashboard/page.tsx [Client Component SSR]
    ./src/app/therapist/dashboard/page.tsx [Server Component] @ http://localhost:9002/_next/static/chunks/node_modules_next_dist_b0daae9a._.js:2359
[  697439ms] [LOG] [Fast Refresh] rebuilding @ http://localhost:9002/_next/static/chunks/node_modules_next_dist_client_cf1d9188._.js:5949
[  697951ms] [ERROR] ./src/app/therapist/dashboard/modules/SettingsPage.tsx:546:6
Parsing ecmascript source code failed
  544 |    );
  545 | }
> 546 |      />
      |      ^^
  547 |          </button>
  548 |       </div>
  549 |    );

Unterminated regexp literal

Import traces:
  Client Component Browser:
    ./src/app/therapist/dashboard/modules/SettingsPage.tsx [Client Component Browser]
    ./src/app/therapist/dashboard/page.tsx [Client Component Browser]
    ./src/app/therapist/dashboard/page.tsx [Server Component]

  Client Component SSR:
    ./src/app/therapist/dashboard/modules/SettingsPage.tsx [Client Component SSR]
    ./src/app/therapist/dashboard/page.tsx [Client Component SSR]
    ./src/app/therapist/dashboard/page.tsx [Server Component] @ http://localhost:9002/_next/static/chunks/node_modules_next_dist_b0daae9a._.js:2359
[  697971ms] [LOG] {file: Object} @ http://localhost:9002/_next/static/chunks/node_modules_next_dist_compiled_next-devtools_index_a9cb0712.js:16058
[  715770ms] [LOG] [Fast Refresh] rebuilding @ http://localhost:9002/_next/static/chunks/node_modules_next_dist_client_cf1d9188._.js:5949
[  719656ms] [LOG] [Fast Refresh] done in 3833ms @ http://localhost:9002/_next/static/chunks/node_modules_next_dist_client_cf1d9188._.js:5809
[  720647ms] [LOG] [Fast Refresh] rebuilding @ http://localhost:9002/_next/static/chunks/node_modules_next_dist_client_cf1d9188._.js:5949
[  720668ms] [LOG] [Fast Refresh] done in 121ms @ http://localhost:9002/_next/static/chunks/node_modules_next_dist_client_cf1d9188._.js:5809
[  722180ms] [LOG] [Fast Refresh] rebuilding @ http://localhost:9002/_next/static/chunks/node_modules_next_dist_client_cf1d9188._.js:5949
[  722725ms] [LOG] [Fast Refresh] done in 645ms @ http://localhost:9002/_next/static/chunks/node_modules_next_dist_client_cf1d9188._.js:5809
[  726384ms] [LOG] [Fast Refresh] rebuilding @ http://localhost:9002/_next/static/chunks/node_modules_next_dist_client_cf1d9188._.js:5949
[  727333ms] [LOG] [Fast Refresh] done in 1050ms @ http://localhost:9002/_next/static/chunks/node_modules_next_dist_client_cf1d9188._.js:5809
[  748995ms] [LOG] [Fast Refresh] rebuilding @ http://localhost:9002/_next/static/chunks/node_modules_next_dist_client_cf1d9188._.js:5949
[  757974ms] [LOG] [Fast Refresh] done in 9154ms @ http://localhost:9002/_next/static/chunks/node_modules_next_dist_client_cf1d9188._.js:5809
[  761798ms] [LOG] [Fast Refresh] rebuilding @ http://localhost:9002/_next/static/chunks/node_modules_next_dist_client_cf1d9188._.js:5949
[  762320ms] [LOG] [Fast Refresh] done in 625ms @ http://localhost:9002/_next/static/chunks/node_modules_next_dist_client_cf1d9188._.js:5809
[  783946ms] [LOG] [Fast Refresh] rebuilding @ http://localhost:9002/_next/static/chunks/node_modules_next_dist_client_cf1d9188._.js:5949
[  784221ms] [LOG] [Fast Refresh] done in 378ms @ http://localhost:9002/_next/static/chunks/node_modules_next_dist_client_cf1d9188._.js:5809
[  821057ms] [LOG] [Fast Refresh] rebuilding @ http://localhost:9002/_next/static/chunks/node_modules_next_dist_client_cf1d9188._.js:5949
[  824211ms] [LOG] [Fast Refresh] done in 3164ms @ http://localhost:9002/_next/static/chunks/node_modules_next_dist_client_cf1d9188._.js:5809
[  851197ms] [LOG] [Fast Refresh] rebuilding @ http://localhost:9002/_next/static/chunks/node_modules_next_dist_client_cf1d9188._.js:5949
[  853145ms] [LOG] [Fast Refresh] done in 1954ms @ http://localhost:9002/_next/static/chunks/node_modules_next_dist_client_cf1d9188._.js:5809
[  901179ms] [LOG] [Fast Refresh] rebuilding @ http://localhost:9002/_next/static/chunks/node_modules_next_dist_client_cf1d9188._.js:5949
[  903073ms] [LOG] [Fast Refresh] done in 1524ms @ http://localhost:9002/_next/static/chunks/node_modules_next_dist_client_cf1d9188._.js:5809
[  933878ms] [LOG] [Fast Refresh] rebuilding @ http://localhost:9002/_next/static/chunks/node_modules_next_dist_client_cf1d9188._.js:5949
[  933987ms] [LOG] [Fast Refresh] done in 215ms @ http://localhost:9002/_next/static/chunks/node_modules_next_dist_client_cf1d9188._.js:5809
[  942064ms] [ERROR] ./src/app/therapist/dashboard/modules/SettingsPage.tsx:235:41
Parsing ecmascript source code failed
  233 |   const filteredCabinetFields = useMemo(
  234 |     () => cabinetFields.filter((field) => !normalizedSearch || field.label.toLowerCase().includes(normalizedSearch)),
> 235 |     [normalizedSearch, cabinetF    <div className="flex-1 flex flex-col bg-[#FDFDFB] h-full overflow-hidden text-neutral-900 scrollbar-hide">
      |                                         ^^^^^^^^^
  236 |       <main className="flex-1 overflow-y-auto p-4 lg:p-8 scrollbar-hide">
  237 |         <div className="max-w-[700px] mx-auto">
  238 |           

Expected ',', got 'className'

Import traces:
  Client Component Browser:
    ./src/app/therapist/dashboard/modules/SettingsPage.tsx [Client Component Browser]
    ./src/app/therapist/dashboard/page.tsx [Client Component Browser]
    ./src/app/therapist/dashboard/page.tsx [Server Component]

  Client Component SSR:
    ./src/app/therapist/dashboard/modules/SettingsPage.tsx [Client Component SSR]
    ./src/app/therapist/dashboard/page.tsx [Client Component SSR]
    ./src/app/therapist/dashboard/page.tsx [Server Component] @ http://localhost:9002/_next/static/chunks/node_modules_next_dist_b0daae9a._.js:2359
[  942126ms] [LOG] {file: Object} @ http://localhost:9002/_next/static/chunks/node_modules_next_dist_compiled_next-devtools_index_a9cb0712.js:16058
[  942384ms] [LOG] [Fast Refresh] rebuilding @ http://localhost:9002/_next/static/chunks/node_modules_next_dist_client_cf1d9188._.js:5949
[  947311ms] [LOG] [Fast Refresh] rebuilding @ http://localhost:9002/_next/static/chunks/node_modules_next_dist_client_cf1d9188._.js:5949
[  947500ms] [ERROR] ./src/app/therapist/dashboard/modules/SettingsPage.tsx:234:3
Parsing ecmascript source code failed
  232 |
  233 |     [normalizedSearch, cabinetFields],
> 234 |   );
      |   ^
  235 |
  236 |   return (
  237 |     <div className="flex-1 flex flex-col bg-[#FDFDFB] h-full overflow-hidden text-neutral-900 scrollbar-hide">

Expression expected

Import traces:
  Client Component Browser:
    ./src/app/therapist/dashboard/modules/SettingsPage.tsx [Client Component Browser]
    ./src/app/therapist/dashboard/page.tsx [Client Component Browser]
    ./src/app/therapist/dashboard/page.tsx [Server Component]

  Client Component SSR:
    ./src/app/therapist/dashboard/modules/SettingsPage.tsx [Client Component SSR]
    ./src/app/therapist/dashboard/page.tsx [Client Component SSR]
    ./src/app/therapist/dashboard/page.tsx [Server Component] @ http://localhost:9002/_next/static/chunks/node_modules_next_dist_b0daae9a._.js:2359
[  947530ms] [LOG] {file: Object} @ http://localhost:9002/_next/static/chunks/node_modules_next_dist_compiled_next-devtools_index_a9cb0712.js:16058
[  957927ms] [LOG] [Fast Refresh] rebuilding @ http://localhost:9002/_next/static/chunks/node_modules_next_dist_client_cf1d9188._.js:5949
[  958720ms] [ERROR] ./src/app/therapist/dashboard/modules/SettingsPage.tsx:234:3
Parsing ecmascript source code failed
  232 |
  233 |     [normalizedSearch, cabinetFields],
> 234 |   );
      |   ^
  235 |
  236 |   return (
  237 |     <div className="flex-1 flex flex-col bg-[#FDFDFB] h-full overflow-hidden text-neutral-900 scrollbar-hide">

Expression expected

Import traces:
  Client Component Browser:
    ./src/app/therapist/dashboard/modules/SettingsPage.tsx [Client Component Browser]
    ./src/app/therapist/dashboard/page.tsx [Client Component Browser]
    ./src/app/therapist/dashboard/page.tsx [Server Component]

  Client Component SSR:
    ./src/app/therapist/dashboard/modules/SettingsPage.tsx [Client Component SSR]
    ./src/app/therapist/dashboard/page.tsx [Client Component SSR]
    ./src/app/therapist/dashboard/page.tsx [Server Component] @ http://localhost:9002/_next/static/chunks/node_modules_next_dist_b0daae9a._.js:2359
[  962183ms] [LOG] [Fast Refresh] rebuilding @ http://localhost:9002/_next/static/chunks/node_modules_next_dist_client_cf1d9188._.js:5949
[  962515ms] [ERROR] ./src/app/therapist/dashboard/modules/SettingsPage.tsx:477:1
Parsing ecmascript source code failed
  475 |       </main>
  476 |     </div>
> 477 | div>
      | ^^^
  478 |         </div>
  479 |       </main>
  480 |     </div>

Expected ',', got 'div'

Import traces:
  Client Component Browser:
    ./src/app/therapist/dashboard/modules/SettingsPage.tsx [Client Component Browser]
    ./src/app/therapist/dashboard/page.tsx [Client Component Browser]
    ./src/app/therapist/dashboard/page.tsx [Server Component]

  Client Component SSR:
    ./src/app/therapist/dashboard/modules/SettingsPage.tsx [Client Component SSR]
    ./src/app/therapist/dashboard/page.tsx [Client Component SSR]
    ./src/app/therapist/dashboard/page.tsx [Server Component] @ http://localhost:9002/_next/static/chunks/node_modules_next_dist_b0daae9a._.js:2359
[  962626ms] [LOG] {file: Object} @ http://localhost:9002/_next/static/chunks/node_modules_next_dist_compiled_next-devtools_index_a9cb0712.js:16058
[  989651ms] [LOG] [Fast Refresh] rebuilding @ http://localhost:9002/_next/static/chunks/node_modules_next_dist_client_cf1d9188._.js:5949
[  992258ms] [ERROR] ./src/app/therapist/dashboard/modules/SettingsPage.tsx:598:4
Parsing ecmascript source code failed
  596 |    );
  597 | }
> 598 |    );
      |    ^
  599 | }
  600 |
  601 |

Expression expected

Import traces:
  Client Component Browser:
    ./src/app/therapist/dashboard/modules/SettingsPage.tsx [Client Component Browser]
    ./src/app/therapist/dashboard/page.tsx [Client Component Browser]
    ./src/app/therapist/dashboard/page.tsx [Server Component]

  Client Component SSR:
    ./src/app/therapist/dashboard/modules/SettingsPage.tsx [Client Component SSR]
    ./src/app/therapist/dashboard/page.tsx [Client Component SSR]
    ./src/app/therapist/dashboard/page.tsx [Server Component] @ http://localhost:9002/_next/static/chunks/node_modules_next_dist_b0daae9a._.js:2359
[  992340ms] [LOG] {file: Object} @ http://localhost:9002/_next/static/chunks/node_modules_next_dist_compiled_next-devtools_index_a9cb0712.js:16058
[ 1003664ms] [LOG] [Fast Refresh] rebuilding @ http://localhost:9002/_next/static/chunks/node_modules_next_dist_client_cf1d9188._.js:5949
[ 1003740ms] [ERROR] ./src/app/therapist/dashboard/modules/SettingsPage.tsx:598:4
Parsing ecmascript source code failed
  596 |    );
  597 | }
> 598 |    );
      |    ^
  599 | }
  600 |
  601 |

Expression expected

Import traces:
  Client Component Browser:
    ./src/app/therapist/dashboard/modules/SettingsPage.tsx [Client Component Browser]
    ./src/app/therapist/dashboard/page.tsx [Client Component Browser]
    ./src/app/therapist/dashboard/page.tsx [Server Component]

  Client Component SSR:
    ./src/app/therapist/dashboard/modules/SettingsPage.tsx [Client Component SSR]
    ./src/app/therapist/dashboard/page.tsx [Client Component SSR]
    ./src/app/therapist/dashboard/page.tsx [Server Component] @ http://localhost:9002/_next/static/chunks/node_modules_next_dist_b0daae9a._.js:2359
[ 1005148ms] [ERROR] ./src/app/therapist/dashboard/modules/SettingsPage.tsx:598:4
Parsing ecmascript source code failed
  596 |    );
  597 | }
> 598 |    );
      |    ^
  599 | }
  600 |
  601 |

Expression expected

Import traces:
  Client Component Browser:
    ./src/app/therapist/dashboard/modules/SettingsPage.tsx [Client Component Browser]
    ./src/app/therapist/dashboard/page.tsx [Client Component Browser]
    ./src/app/therapist/dashboard/page.tsx [Server Component]

  Client Component SSR:
    ./src/app/therapist/dashboard/modules/SettingsPage.tsx [Client Component SSR]
    ./src/app/therapist/dashboard/page.tsx [Client Component SSR]
    ./src/app/therapist/dashboard/page.tsx [Server Component] @ http://localhost:9002/_next/static/chunks/node_modules_next_dist_b0daae9a._.js:2359
[ 1005182ms] [LOG] [Fast Refresh] rebuilding @ http://localhost:9002/_next/static/chunks/node_modules_next_dist_client_cf1d9188._.js:5949
[ 1011470ms] [LOG] [Fast Refresh] rebuilding @ http://localhost:9002/_next/static/chunks/node_modules_next_dist_client_cf1d9188._.js:5949
[ 1012105ms] [ERROR] ./src/app/therapist/dashboard/modules/SettingsPage.tsx:598:4
Parsing ecmascript source code failed
  596 |    );
  597 | }
> 598 |    );
      |    ^
  599 | }
  600 |
  601 |

Expression expected

Import traces:
  Client Component Browser:
    ./src/app/therapist/dashboard/modules/SettingsPage.tsx [Client Component Browser]
    ./src/app/therapist/dashboard/page.tsx [Client Component Browser]
    ./src/app/therapist/dashboard/page.tsx [Server Component]

  Client Component SSR:
    ./src/app/therapist/dashboard/modules/SettingsPage.tsx [Client Component SSR]
    ./src/app/therapist/dashboard/page.tsx [Client Component SSR]
    ./src/app/therapist/dashboard/page.tsx [Server Component] @ http://localhost:9002/_next/static/chunks/node_modules_next_dist_b0daae9a._.js:2359
[ 1038253ms] [LOG] [Fast Refresh] rebuilding @ http://localhost:9002/_next/static/chunks/node_modules_next_dist_client_cf1d9188._.js:5949
[ 1038861ms] [ERROR] ./src/app/therapist/dashboard/modules/SettingsPage.tsx:598:4
Parsing ecmascript source code failed
  596 |    );
  597 | }
> 598 |    );
      |    ^
  599 | }
  600 |
  601 |

Expression expected

Import traces:
  Client Component Browser:
    ./src/app/therapist/dashboard/modules/SettingsPage.tsx [Client Component Browser]
    ./src/app/therapist/dashboard/page.tsx [Client Component Browser]
    ./src/app/therapist/dashboard/page.tsx [Server Component]

  Client Component SSR:
    ./src/app/therapist/dashboard/modules/SettingsPage.tsx [Client Component SSR]
    ./src/app/therapist/dashboard/page.tsx [Client Component SSR]
    ./src/app/therapist/dashboard/page.tsx [Server Component] @ http://localhost:9002/_next/static/chunks/node_modules_next_dist_b0daae9a._.js:2359
[ 1048802ms] [LOG] [Fast Refresh] rebuilding @ http://localhost:9002/_next/static/chunks/node_modules_next_dist_client_cf1d9188._.js:5949
[ 1050239ms] [LOG] [Fast Refresh] done in 1509ms @ http://localhost:9002/_next/static/chunks/node_modules_next_dist_client_cf1d9188._.js:5809
[ 1086856ms] [LOG] [Fast Refresh] rebuilding @ http://localhost:9002/_next/static/chunks/node_modules_next_dist_client_cf1d9188._.js:5949
[ 1087449ms] [LOG] [Fast Refresh] done in 823ms @ http://localhost:9002/_next/static/chunks/node_modules_next_dist_client_cf1d9188._.js:5809
[ 1147152ms] [LOG] [Fast Refresh] rebuilding @ http://localhost:9002/_next/static/chunks/node_modules_next_dist_client_cf1d9188._.js:5949
[ 1147170ms] [LOG] [Fast Refresh] done in 123ms @ http://localhost:9002/_next/static/chunks/node_modules_next_dist_client_cf1d9188._.js:5809
[ 1147861ms] [LOG] [Fast Refresh] rebuilding @ http://localhost:9002/_next/static/chunks/node_modules_next_dist_client_cf1d9188._.js:5949
[ 1147946ms] [LOG] [Fast Refresh] done in 185ms @ http://localhost:9002/_next/static/chunks/node_modules_next_dist_client_cf1d9188._.js:5809
[ 1148253ms] [LOG] [Fast Refresh] rebuilding @ http://localhost:9002/_next/static/chunks/node_modules_next_dist_client_cf1d9188._.js:5949
[ 1148388ms] [LOG] [Fast Refresh] done in 236ms @ http://localhost:9002/_next/static/chunks/node_modules_next_dist_client_cf1d9188._.js:5809
[ 1148558ms] [LOG] [Fast Refresh] rebuilding @ http://localhost:9002/_next/static/chunks/node_modules_next_dist_client_cf1d9188._.js:5949
[ 1149218ms] [LOG] [Fast Refresh] done in 761ms @ http://localhost:9002/_next/static/chunks/node_modules_next_dist_client_cf1d9188._.js:5809
[ 1149403ms] [LOG] [Fast Refresh] rebuilding @ http://localhost:9002/_next/static/chunks/node_modules_next_dist_client_cf1d9188._.js:5949
[ 1150093ms] [LOG] [Fast Refresh] done in 792ms @ http://localhost:9002/_next/static/chunks/node_modules_next_dist_client_cf1d9188._.js:5809
[ 1169695ms] [LOG] [Fast Refresh] rebuilding @ http://localhost:9002/_next/static/chunks/node_modules_next_dist_client_cf1d9188._.js:5949
[ 1172144ms] [LOG] [Fast Refresh] done in 2558ms @ http://localhost:9002/_next/static/chunks/node_modules_next_dist_client_cf1d9188._.js:5809
[ 1184480ms] [LOG] [Fast Refresh] rebuilding @ http://localhost:9002/_next/static/chunks/node_modules_next_dist_client_cf1d9188._.js:5949
[ 1185445ms] [LOG] [Fast Refresh] done in 1141ms @ http://localhost:9002/_next/static/chunks/node_modules_next_dist_client_cf1d9188._.js:5809
[ 1188291ms] [LOG] [Fast Refresh] rebuilding @ http://localhost:9002/_next/static/chunks/node_modules_next_dist_client_cf1d9188._.js:5949
[ 1188321ms] [LOG] [Fast Refresh] done in 137ms @ http://localhost:9002/_next/static/chunks/node_modules_next_dist_client_cf1d9188._.js:5809
[ 1191943ms] [LOG] [Fast Refresh] rebuilding @ http://localhost:9002/_next/static/chunks/node_modules_next_dist_client_cf1d9188._.js:5949
[ 1193004ms] [LOG] [Fast Refresh] done in 1133ms @ http://localhost:9002/_next/static/chunks/node_modules_next_dist_client_cf1d9188._.js:5809
[ 1211366ms] [LOG] [Fast Refresh] rebuilding @ http://localhost:9002/_next/static/chunks/node_modules_next_dist_client_cf1d9188._.js:5949
[ 1211848ms] [LOG] [Fast Refresh] done in 617ms @ http://localhost:9002/_next/static/chunks/node_modules_next_dist_client_cf1d9188._.js:5809
[ 1233788ms] [LOG] [Fast Refresh] rebuilding @ http://localhost:9002/_next/static/chunks/node_modules_next_dist_client_cf1d9188._.js:5949
[ 1234922ms] [LOG] [Fast Refresh] done in 1255ms @ http://localhost:9002/_next/static/chunks/node_modules_next_dist_client_cf1d9188._.js:5809
[ 1246187ms] [LOG] [Fast Refresh] rebuilding @ http://localhost:9002/_next/static/chunks/node_modules_next_dist_client_cf1d9188._.js:5949
[ 1246684ms] [LOG] [Fast Refresh] done in 614ms @ http://localhost:9002/_next/static/chunks/node_modules_next_dist_client_cf1d9188._.js:5809
[ 1273816ms] [LOG] [Fast Refresh] rebuilding @ http://localhost:9002/_next/static/chunks/node_modules_next_dist_client_cf1d9188._.js:5949
[ 1274334ms] [LOG] [Fast Refresh] done in 494ms @ http://localhost:9002/_next/static/chunks/node_modules_next_dist_client_cf1d9188._.js:5809
[ 1291624ms] [LOG] [Fast Refresh] rebuilding @ http://localhost:9002/_next/static/chunks/node_modules_next_dist_client_cf1d9188._.js:5949
[ 1296160ms] [LOG] [Fast Refresh] done in 4727ms @ http://localhost:9002/_next/static/chunks/node_modules_next_dist_client_cf1d9188._.js:5809
[ 1303634ms] [LOG] [Fast Refresh] rebuilding @ http://localhost:9002/_next/static/chunks/node_modules_next_dist_client_cf1d9188._.js:5949
[ 1303795ms] [LOG] [Fast Refresh] done in 264ms @ http://localhost:9002/_next/static/chunks/node_modules_next_dist_client_cf1d9188._.js:5809
[ 1334454ms] [LOG] [Fast Refresh] rebuilding @ http://localhost:9002/_next/static/chunks/node_modules_next_dist_client_cf1d9188._.js:5949
[ 1334872ms] [LOG] [Fast Refresh] done in 531ms @ http://localhost:9002/_next/static/chunks/node_modules_next_dist_client_cf1d9188._.js:5809
[ 1356440ms] [ERROR] Failed to load resource: net::ERR_QUIC_PROTOCOL_ERROR @ https://firestore.googleapis.com/google.firestore.v1.Firestore/Listen/channel?gsessionid=SqAWdiov67paabyNV9biEBCRwtO8Cumj90eZTlRgtaL-MqmsJtcuWg&VER=8&database=projects%2Fserenity-relax-joao%2Fdatabases%2F(default)&RID=rpc&SID=6Wg1I7B5kWCB6g9BnaeGRA&AID=201&CI=0&TYPE=xmlhttp&zx=gzc9mbsa9zvv&t=1:0
[ 1357480ms] [ERROR] Failed to load resource: the server responded with a status of 400 () @ https://firestore.googleapis.com/google.firestore.v1.Firestore/Listen/channel?gsessionid=SqAWdiov67paabyNV9biEBCRwtO8Cumj90eZTlRgtaL-MqmsJtcuWg&VER=8&database=projects%2Fserenity-relax-joao%2Fdatabases%2F(default)&RID=rpc&SID=6Wg1I7B5kWCB6g9BnaeGRA&AID=203&CI=0&TYPE=xmlhttp&zx=oo0a7mp14lv6&t=1:0
[ 1357524ms] [WARNING] [2026-05-11T20:34:53.117Z]  @firebase/firestore: Firestore (11.10.0): WebChannelConnection RPC 'Listen' stream 0x72af1f78 transport errored. Name: undefined Message: undefined @ http://localhost:9002/_next/static/chunks/node_modules_0d688b2b._.js:4455
[ 1361186ms] [LOG] [Fast Refresh] rebuilding @ http://localhost:9002/_next/static/chunks/node_modules_next_dist_client_cf1d9188._.js:5949
[ 1361558ms] [LOG] [Fast Refresh] done in 484ms @ http://localhost:9002/_next/static/chunks/node_modules_next_dist_client_cf1d9188._.js:5809
[ 1498589ms] [LOG] [Fast Refresh] rebuilding @ http://localhost:9002/_next/static/chunks/node_modules_next_dist_client_cf1d9188._.js:5949
[ 1499214ms] [LOG] [Fast Refresh] done in 748ms @ http://localhost:9002/_next/static/chunks/node_modules_next_dist_client_cf1d9188._.js:5809
[ 1510063ms] [LOG] [Fast Refresh] rebuilding @ http://localhost:9002/_next/static/chunks/node_modules_next_dist_client_cf1d9188._.js:5949
[ 1510920ms] [LOG] [Fast Refresh] done in 942ms @ http://localhost:9002/_next/static/chunks/node_modules_next_dist_client_cf1d9188._.js:5809
[ 1603222ms] [LOG] [Fast Refresh] rebuilding @ http://localhost:9002/_next/static/chunks/node_modules_next_dist_client_cf1d9188._.js:5949
[ 1604337ms] [LOG] [Fast Refresh] done in 1286ms @ http://localhost:9002/_next/static/chunks/node_modules_next_dist_client_cf1d9188._.js:5809
[ 1641174ms] [LOG] [Fast Refresh] rebuilding @ http://localhost:9002/_next/static/chunks/node_modules_next_dist_client_cf1d9188._.js:5949
[ 1641377ms] [LOG] [Fast Refresh] done in 305ms @ http://localhost:9002/_next/static/chunks/node_modules_next_dist_client_cf1d9188._.js:5809
[ 1716710ms] [LOG] [Fast Refresh] rebuilding @ http://localhost:9002/_next/static/chunks/node_modules_next_dist_client_cf1d9188._.js:5949
[ 1717854ms] [LOG] [Fast Refresh] done in 1236ms @ http://localhost:9002/_next/static/chunks/node_modules_next_dist_client_cf1d9188._.js:5809
[ 1737808ms] [LOG] [Fast Refresh] rebuilding @ http://localhost:9002/_next/static/chunks/node_modules_next_dist_client_cf1d9188._.js:5949
[ 1738475ms] [LOG] [Fast Refresh] done in 795ms @ http://localhost:9002/_next/static/chunks/node_modules_next_dist_client_cf1d9188._.js:5809
[ 1841675ms] [LOG] [Fast Refresh] rebuilding @ http://localhost:9002/_next/static/chunks/node_modules_next_dist_client_cf1d9188._.js:5949
[ 1850960ms] [LOG] [Fast Refresh] done in 9491ms @ http://localhost:9002/_next/static/chunks/node_modules_next_dist_client_cf1d9188._.js:5809
[ 4353362ms] [LOG] [Fast Refresh] rebuilding @ http://localhost:9002/_next/static/chunks/node_modules_next_dist_client_cf1d9188._.js:5949
[ 4363642ms] [LOG] [Fast Refresh] done in 9528ms @ http://localhost:9002/_next/static/chunks/node_modules_next_dist_client_cf1d9188._.js:5809
[ 4445268ms] [LOG] [Fast Refresh] rebuilding @ http://localhost:9002/_next/static/chunks/node_modules_next_dist_client_cf1d9188._.js:5949
[ 4447138ms] [LOG] [Fast Refresh] done in 1877ms @ http://localhost:9002/_next/static/chunks/node_modules_next_dist_client_cf1d9188._.js:5809
[ 4586661ms] [LOG] [Fast Refresh] rebuilding @ http://localhost:9002/_next/static/chunks/node_modules_next_dist_client_cf1d9188._.js:5949
[ 4588869ms] [LOG] [Fast Refresh] done in 2534ms @ http://localhost:9002/_next/static/chunks/node_modules_next_dist_client_cf1d9188._.js:5809
[ 4629141ms] [LOG] [Fast Refresh] rebuilding @ http://localhost:9002/_next/static/chunks/node_modules_next_dist_client_cf1d9188._.js:5949
[ 4631457ms] [LOG] [Fast Refresh] done in 2318ms @ http://localhost:9002/_next/static/chunks/node_modules_next_dist_client_cf1d9188._.js:5809
[ 4682768ms] [LOG] [Fast Refresh] rebuilding @ http://localhost:9002/_next/static/chunks/node_modules_next_dist_client_cf1d9188._.js:5949
[ 4688022ms] [LOG] [Fast Refresh] done in 5666ms @ http://localhost:9002/_next/static/chunks/node_modules_next_dist_client_cf1d9188._.js:5809
[ 4726101ms] [LOG] [Fast Refresh] rebuilding @ http://localhost:9002/_next/static/chunks/node_modules_next_dist_client_cf1d9188._.js:5949
[ 4728986ms] [LOG] [Fast Refresh] done in 3299ms @ http://localhost:9002/_next/static/chunks/node_modules_next_dist_client_cf1d9188._.js:5809
[ 4857354ms] [LOG] [Fast Refresh] rebuilding @ http://localhost:9002/_next/static/chunks/node_modules_next_dist_client_cf1d9188._.js:5949
[ 4864659ms] [LOG] [Fast Refresh] done in 6661ms @ http://localhost:9002/_next/static/chunks/node_modules_next_dist_client_cf1d9188._.js:5809
[ 5469112ms] [ERROR] Failed to load resource: net::ERR_INTERNET_DISCONNECTED @ https://firestore.googleapis.com/google.firestore.v1.Firestore/Listen/channel?VER=8&database=projects%2Fserenity-relax-joao%2Fdatabases%2F(default)&RID=78080&CVER=22&X-HTTP-Session-Id=gsessionid&zx=1ncql73q9975&t=1:0
[ 5469153ms] [WARNING] [2026-05-11T21:43:24.749Z]  @firebase/firestore: Firestore (11.10.0): WebChannelConnection RPC 'Listen' stream 0x72af1f7b transport errored. Name: undefined Message: undefined @ http://localhost:9002/_next/static/chunks/node_modules_0d688b2b._.js:4455
[ 5469175ms] [ERROR] Failed to load resource: net::ERR_INTERNET_DISCONNECTED @ https://firestore.googleapis.com/google.firestore.v1.Firestore/Listen/channel?VER=8&database=projects%2Fserenity-relax-joao%2Fdatabases%2F(default)&gsessionid=5xW4aGNXQbRvoroCW-w3qlR5uDiw4bew2UkA_cnxGDVnsLYmHwOh7w&SID=4L7-jaHLn3r7JnSDhpuRYw&RID=13317&TYPE=terminate&zx=bgcuiwdkqot8:0
[ 5469195ms] [ERROR] Failed to load resource: net::ERR_INTERNET_DISCONNECTED @ https://www.google.com/images/cleardot.gif?zx=7x6b6puz5qfv:0
[ 5469219ms] [ERROR] Failed to load resource: net::ERR_INTERNET_DISCONNECTED @ https://firestore.googleapis.com/google.firestore.v1.Firestore/Listen/channel?VER=8&database=projects%2Fserenity-relax-joao%2Fdatabases%2F(default)&RID=88292&CVER=22&X-HTTP-Session-Id=gsessionid&zx=i8cqraex5lfs&t=1:0
[ 5469219ms] [WARNING] [2026-05-11T21:43:24.824Z]  @firebase/firestore: Firestore (11.10.0): WebChannelConnection RPC 'Listen' stream 0x72af1f7c transport errored. Name: undefined Message: undefined @ http://localhost:9002/_next/static/chunks/node_modules_0d688b2b._.js:4455
[ 5469282ms] [ERROR] Failed to load resource: net::ERR_INTERNET_DISCONNECTED @ https://www.google.com/images/cleardot.gif?zx=r49ij0pdmtop:0
[ 5470608ms] [ERROR] Failed to load resource: net::ERR_INTERNET_DISCONNECTED @ https://firestore.googleapis.com/google.firestore.v1.Firestore/Listen/channel?VER=8&database=projects%2Fserenity-relax-joao%2Fdatabases%2F(default)&RID=26470&CVER=22&X-HTTP-Session-Id=gsessionid&zx=44zverpufs88&t=1:0
[ 5470609ms] [WARNING] [2026-05-11T21:43:26.213Z]  @firebase/firestore: Firestore (11.10.0): WebChannelConnection RPC 'Listen' stream 0x72af1f7d transport errored. Name: undefined Message: undefined @ http://localhost:9002/_next/static/chunks/node_modules_0d688b2b._.js:4455
[ 5470611ms] [ERROR] Failed to load resource: net::ERR_INTERNET_DISCONNECTED @ https://www.google.com/images/cleardot.gif?zx=j7pvyyftskw1:0
[ 5472368ms] [ERROR] Failed to load resource: net::ERR_INTERNET_DISCONNECTED @ https://firestore.googleapis.com/google.firestore.v1.Firestore/Listen/channel?VER=8&database=projects%2Fserenity-relax-joao%2Fdatabases%2F(default)&RID=89442&CVER=22&X-HTTP-Session-Id=gsessionid&zx=8rgzsjj4axa9&t=1:0
[ 5472378ms] [WARNING] [2026-05-11T21:43:27.982Z]  @firebase/firestore: Firestore (11.10.0): WebChannelConnection RPC 'Listen' stream 0x72af1f7e transport errored. Name: undefined Message: undefined @ http://localhost:9002/_next/static/chunks/node_modules_0d688b2b._.js:4455
[ 5472460ms] [ERROR] Failed to load resource: net::ERR_INTERNET_DISCONNECTED @ https://www.google.com/images/cleardot.gif?zx=99dhauopjjlr:0
[ 5474552ms] [ERROR] Failed to load resource: net::ERR_INTERNET_DISCONNECTED @ https://firestore.googleapis.com/google.firestore.v1.Firestore/Listen/channel?VER=8&database=projects%2Fserenity-relax-joao%2Fdatabases%2F(default)&RID=86030&CVER=22&X-HTTP-Session-Id=gsessionid&zx=9mr6c8qohcmq&t=1:0
[ 5474553ms] [WARNING] [2026-05-11T21:43:30.157Z]  @firebase/firestore: Firestore (11.10.0): WebChannelConnection RPC 'Listen' stream 0x72af1f7f transport errored. Name: undefined Message: undefined @ http://localhost:9002/_next/static/chunks/node_modules_0d688b2b._.js:4455
[ 5474564ms] [ERROR] Failed to load resource: net::ERR_INTERNET_DISCONNECTED @ https://www.google.com/images/cleardot.gif?zx=8rt11gilrn5n:0
[ 5476365ms] [ERROR] Failed to load resource: net::ERR_INTERNET_DISCONNECTED @ https://firestore.googleapis.com/google.firestore.v1.Firestore/Listen/channel?VER=8&database=projects%2Fserenity-relax-joao%2Fdatabases%2F(default)&RID=65722&CVER=22&X-HTTP-Session-Id=gsessionid&zx=sgx18xru5zhd&t=1:0
[ 5476367ms] [WARNING] [2026-05-11T21:43:31.971Z]  @firebase/firestore: Firestore (11.10.0): WebChannelConnection RPC 'Listen' stream 0x72af1f80 transport errored. Name: undefined Message: undefined @ http://localhost:9002/_next/static/chunks/node_modules_0d688b2b._.js:4455
[ 5476379ms] [ERROR] Failed to load resource: net::ERR_INTERNET_DISCONNECTED @ https://www.google.com/images/cleardot.gif?zx=4u69l1fik8c4:0
[ 5480669ms] [ERROR] Failed to load resource: net::ERR_INTERNET_DISCONNECTED @ https://firestore.googleapis.com/google.firestore.v1.Firestore/Listen/channel?VER=8&database=projects%2Fserenity-relax-joao%2Fdatabases%2F(default)&RID=5532&CVER=22&X-HTTP-Session-Id=gsessionid&zx=pq53h2rtgi26&t=1:0
[ 5480671ms] [WARNING] [2026-05-11T21:43:36.275Z]  @firebase/firestore: Firestore (11.10.0): WebChannelConnection RPC 'Listen' stream 0x72af1f81 transport errored. Name: undefined Message: undefined @ http://localhost:9002/_next/static/chunks/node_modules_0d688b2b._.js:4455
[ 5480681ms] [ERROR] Failed to load resource: net::ERR_INTERNET_DISCONNECTED @ https://www.google.com/images/cleardot.gif?zx=jtqv1rhl5fdj:0
[ 5488316ms] [ERROR] Failed to load resource: net::ERR_INTERNET_DISCONNECTED @ https://firestore.googleapis.com/google.firestore.v1.Firestore/Listen/channel?VER=8&database=projects%2Fserenity-relax-joao%2Fdatabases%2F(default)&RID=7309&CVER=22&X-HTTP-Session-Id=gsessionid&zx=xakjtrsjvw08&t=1:0
[ 5488317ms] [WARNING] [2026-05-11T21:43:43.921Z]  @firebase/firestore: Firestore (11.10.0): WebChannelConnection RPC 'Listen' stream 0x72af1f82 transport errored. Name: undefined Message: undefined @ http://localhost:9002/_next/static/chunks/node_modules_0d688b2b._.js:4455
[ 5488323ms] [ERROR] Failed to load resource: net::ERR_INTERNET_DISCONNECTED @ https://www.google.com/images/cleardot.gif?zx=nxw8kfqo05n0:0
[ 6423941ms] [ERROR] Failed to load resource: net::ERR_INTERNET_DISCONNECTED @ https://securetoken.googleapis.com/v1/token?key=AIzaSyDVKma95UOoUSajrzCmV7vLHPAt2Q5tK7c:0
[ 6446050ms] [ERROR] Failed to load resource: net::ERR_INTERNET_DISCONNECTED @ https://securetoken.googleapis.com/v1/token?key=AIzaSyDVKma95UOoUSajrzCmV7vLHPAt2Q5tK7c:0
[ 8426168ms] [ERROR] Failed to load resource: net::ERR_INTERNET_DISCONNECTED @ https://securetoken.googleapis.com/v1/token?key=AIzaSyDVKma95UOoUSajrzCmV7vLHPAt2Q5tK7c:0
[13807109ms] [ERROR] Failed to load resource: net::ERR_INTERNET_DISCONNECTED @ https://firestore.googleapis.com/google.firestore.v1.Firestore/Listen/channel?VER=8&database=projects%2Fserenity-relax-joao%2Fdatabases%2F(default)&RID=23244&CVER=22&X-HTTP-Session-Id=gsessionid&zx=ul6nb62tjnfl&t=1:0
[13807154ms] [WARNING] [2026-05-12T00:02:22.741Z]  @firebase/firestore: Firestore (11.10.0): WebChannelConnection RPC 'Listen' stream 0x72af1f85 transport errored. Name: undefined Message: undefined @ http://localhost:9002/_next/static/chunks/node_modules_0d688b2b._.js:4455
[13807166ms] [ERROR] Failed to load resource: net::ERR_INTERNET_DISCONNECTED @ https://firestore.googleapis.com/google.firestore.v1.Firestore/Listen/channel?VER=8&database=projects%2Fserenity-relax-joao%2Fdatabases%2F(default)&gsessionid=6qnJw2oZ7qxXt9tHdpn0Fdo7rAVL0IcXyYVsx8yzJPn8olaNxQ0Z7Q&SID=CaAP8XQH8eGIMpmiLz8pvQ&RID=26361&TYPE=terminate&zx=fa3ugitby6hw:0
[13807173ms] [ERROR] Failed to load resource: net::ERR_INTERNET_DISCONNECTED @ https://firestore.googleapis.com/google.firestore.v1.Firestore/Listen/channel?VER=8&database=projects%2Fserenity-relax-joao%2Fdatabases%2F(default)&RID=39423&CVER=22&X-HTTP-Session-Id=gsessionid&zx=ocwk0d78erjr&t=1:0
[13807173ms] [WARNING] [2026-05-12T00:02:22.777Z]  @firebase/firestore: Firestore (11.10.0): WebChannelConnection RPC 'Listen' stream 0x72af1f86 transport errored. Name: undefined Message: undefined @ http://localhost:9002/_next/static/chunks/node_modules_0d688b2b._.js:4455
[13807183ms] [ERROR] Failed to load resource: net::ERR_INTERNET_DISCONNECTED @ https://www.google.com/images/cleardot.gif?zx=oqt653k805fm:0
[13807183ms] [ERROR] Failed to load resource: net::ERR_INTERNET_DISCONNECTED @ https://www.google.com/images/cleardot.gif?zx=4vao8yu0wm4w:0
[13808559ms] [ERROR] Failed to load resource: net::ERR_INTERNET_DISCONNECTED @ https://firestore.googleapis.com/google.firestore.v1.Firestore/Listen/channel?VER=8&database=projects%2Fserenity-relax-joao%2Fdatabases%2F(default)&RID=78166&CVER=22&X-HTTP-Session-Id=gsessionid&zx=7303wqi4cupu&t=1:0
[13808565ms] [WARNING] [2026-05-12T00:02:24.169Z]  @firebase/firestore: Firestore (11.10.0): WebChannelConnection RPC 'Listen' stream 0x72af1f87 transport errored. Name: undefined Message: undefined @ http://localhost:9002/_next/static/chunks/node_modules_0d688b2b._.js:4455
[13808568ms] [ERROR] Failed to load resource: net::ERR_INTERNET_DISCONNECTED @ https://www.google.com/images/cleardot.gif?zx=n5fu45wytke9:0
[13810323ms] [ERROR] Failed to load resource: net::ERR_INTERNET_DISCONNECTED @ https://firestore.googleapis.com/google.firestore.v1.Firestore/Listen/channel?VER=8&database=projects%2Fserenity-relax-joao%2Fdatabases%2F(default)&RID=19436&CVER=22&X-HTTP-Session-Id=gsessionid&zx=f0gk9qj92a1s&t=1:0
[13810324ms] [WARNING] [2026-05-12T00:02:25.928Z]  @firebase/firestore: Firestore (11.10.0): WebChannelConnection RPC 'Listen' stream 0x72af1f88 transport errored. Name: undefined Message: undefined @ http://localhost:9002/_next/static/chunks/node_modules_0d688b2b._.js:4455
[13810330ms] [ERROR] Failed to load resource: net::ERR_INTERNET_DISCONNECTED @ https://www.google.com/images/cleardot.gif?zx=2bj0a3vvn6gm:0
[15123155ms] [ERROR] Failed to load resource: net::ERR_INTERNET_DISCONNECTED @ https://securetoken.googleapis.com/v1/token?key=AIzaSyDVKma95UOoUSajrzCmV7vLHPAt2Q5tK7c:0
[15125779ms] [ERROR] Failed to load resource: net::ERR_INTERNET_DISCONNECTED @ https://securetoken.googleapis.com/v1/token?key=AIzaSyDVKma95UOoUSajrzCmV7vLHPAt2Q5tK7c:0
[16062733ms] [ERROR] Failed to load resource: net::ERR_INTERNET_DISCONNECTED @ https://securetoken.googleapis.com/v1/token?key=AIzaSyDVKma95UOoUSajrzCmV7vLHPAt2Q5tK7c:0
[16998706ms] [ERROR] Failed to load resource: net::ERR_INTERNET_DISCONNECTED @ https://securetoken.googleapis.com/v1/token?key=AIzaSyDVKma95UOoUSajrzCmV7vLHPAt2Q5tK7c:0
[19050882ms] [ERROR] Failed to load resource: net::ERR_INTERNET_DISCONNECTED @ https://securetoken.googleapis.com/v1/token?key=AIzaSyDVKma95UOoUSajrzCmV7vLHPAt2Q5tK7c:0
[20166079ms] [ERROR] Failed to load resource: net::ERR_INTERNET_DISCONNECTED @ https://securetoken.googleapis.com/v1/token?key=AIzaSyDVKma95UOoUSajrzCmV7vLHPAt2Q5tK7c:0
[23814804ms] [ERROR] Failed to load resource: net::ERR_INTERNET_DISCONNECTED @ https://securetoken.googleapis.com/v1/token?key=AIzaSyDVKma95UOoUSajrzCmV7vLHPAt2Q5tK7c:0
[27478746ms] [ERROR] Failed to load resource: net::ERR_INTERNET_DISCONNECTED @ https://securetoken.googleapis.com/v1/token?key=AIzaSyDVKma95UOoUSajrzCmV7vLHPAt2Q5tK7c:0
[32197736ms] [ERROR] Failed to load resource: net::ERR_INTERNET_DISCONNECTED @ https://securetoken.googleapis.com/v1/token?key=AIzaSyDVKma95UOoUSajrzCmV7vLHPAt2Q5tK7c:0
[37745959ms] [ERROR] Failed to load resource: net::ERR_INTERNET_DISCONNECTED @ https://securetoken.googleapis.com/v1/token?key=AIzaSyDVKma95UOoUSajrzCmV7vLHPAt2Q5tK7c:0
[42121538ms] [ERROR] Failed to load resource: net::ERR_INTERNET_DISCONNECTED @ https://securetoken.googleapis.com/v1/token?key=AIzaSyDVKma95UOoUSajrzCmV7vLHPAt2Q5tK7c:0
[48568144ms] [INFO] %cDownload the React DevTools for a better development experience: https://react.dev/link/react-devtools font-weight:bold @ http://localhost:9002/_next/static/chunks/node_modules_next_dist_compiled_react-dom_1e674e59._.js:14537
[51095933ms] [INFO] Loading the script 'https://www.google.com/js/bg/gR9BuKx8DaENFUSanLXSZlnP0_-m_5KES4sQa65j0uI.js' violates the following Content Security Policy directive: "script-src 'unsafe-inline' 'unsafe-eval' blob: data: https://accounts.google.com/gsi/client https://apis.google.com/js/api.js https://billing-ads-qa-devel.corp.google.com/payments/v4/js/integrator.js https://payments.google.com/payments/v4/js/integrator.js https://payments.sandbox.google.com/payments/v4/js/integrator.js https://www.googletagmanager.com/gtm.js https://www.gstatic.com/glue/cookienotificationbar/cookienotificationbar.min.js https://www-onepick-opensocial.googleusercontent.com/gadgets/js/rpc.js https://www.googletagmanager.com/gtag/js https://www.google-analytics.com/analytics.js https://www.googletagmanager.com/gtag/destination https://www.google.com/tools/feedback/chat_load.js https://www.google.com/tools/feedback/help_api.js https://www.google.com/tools/feedback/load.js https://www.google.com/tools/feedback/open.js https://www.google.com/tools/feedback/open_to_help_guide_lazy.js https://www.gstatic.com/feedback/js/ https://www.gstatic.com/feedback/js/help/prod/service/lazy.min.js https://www.gstatic.com/inproduct_help/api/main.min.js https://www.gstatic.com/inproduct_help/chatsupport/chatsupport_button_v2.js https://www.gstatic.com/inproduct_help/service/lazy.min.js https://www.gstatic.com/uservoice/feedback/client/web/live/ https://www.gstatic.com/uservoice/surveys/resources/prod/js/survey/ https://www.gstatic.com/_/mss/boq-makersuite/_/js/k=boq-makersuite.MakerSuite.fr.-Nn8yVzzUPA.2018.O/ https://apis.google.com/_/scs/abc-static/_/js/ https://payments.google.com/payments/u/0/v4/js/integrator.js https://payments.youtube.com/payments/v4/js/integrator.js https://payments.youtube.com/payments/u/0/v4/js/integrator.js https://payments.cloud.google/payments/v4/js/integrator.js". Note that 'script-src-elem' was not explicitly set, so 'script-src' is used as a fallback. The policy is report-only, so the violation has been logged but no further action has been taken. @ https://www.gstatic.com/_/mss/boq-makersuite/_/js/k=boq-makersuite.MakerSuite.fr.-Nn8yVzzUPA.2018.O/am=EAE/d=1/excm=_b/ed=1/dg=0/br=1/wt=2/ujg=1/rs=AMOXD2_s4Gcb3TikydzlELG9lJB5tcctbQ/dti=1/m=_b:520
[51096380ms] [ERROR] Failed to load resource: the server responded with a status of 401 () @ https://alkalimakersuite-pa.clients6.google.com/$rpc/google.internal.alkali.applications.makersuite.v1.MakerSuiteService/GenerateAccessToken:0
[51096383ms] [ERROR] Failed to load resource: the server responded with a status of 401 () @ https://alkalimakersuite-pa.clients6.google.com/$rpc/google.internal.alkali.applications.makersuite.v1.MakerSuiteService/GenerateAccessToken:0
[51096930ms] [INFO] Loading the script 'https://www.gstatic.com/monaco_editor/HYZlMEXM6ED6%2Fvs%2Floader.js' violates the following Content Security Policy directive: "script-src 'unsafe-inline' 'unsafe-eval' blob: data: https://accounts.google.com/gsi/client https://apis.google.com/js/api.js https://billing-ads-qa-devel.corp.google.com/payments/v4/js/integrator.js https://payments.google.com/payments/v4/js/integrator.js https://payments.sandbox.google.com/payments/v4/js/integrator.js https://www.googletagmanager.com/gtm.js https://www.gstatic.com/glue/cookienotificationbar/cookienotificationbar.min.js https://www-onepick-opensocial.googleusercontent.com/gadgets/js/rpc.js https://www.googletagmanager.com/gtag/js https://www.google-analytics.com/analytics.js https://www.googletagmanager.com/gtag/destination https://www.google.com/tools/feedback/chat_load.js https://www.google.com/tools/feedback/help_api.js https://www.google.com/tools/feedback/load.js https://www.google.com/tools/feedback/open.js https://www.google.com/tools/feedback/open_to_help_guide_lazy.js https://www.gstatic.com/feedback/js/ https://www.gstatic.com/feedback/js/help/prod/service/lazy.min.js https://www.gstatic.com/inproduct_help/api/main.min.js https://www.gstatic.com/inproduct_help/chatsupport/chatsupport_button_v2.js https://www.gstatic.com/inproduct_help/service/lazy.min.js https://www.gstatic.com/uservoice/feedback/client/web/live/ https://www.gstatic.com/uservoice/surveys/resources/prod/js/survey/ https://www.gstatic.com/_/mss/boq-makersuite/_/js/k=boq-makersuite.MakerSuite.fr.-Nn8yVzzUPA.2018.O/ https://apis.google.com/_/scs/abc-static/_/js/ https://payments.google.com/payments/u/0/v4/js/integrator.js https://payments.youtube.com/payments/v4/js/integrator.js https://payments.youtube.com/payments/u/0/v4/js/integrator.js https://payments.cloud.google/payments/v4/js/integrator.js". Note that 'script-src-elem' was not explicitly set, so 'script-src' is used as a fallback. The policy is report-only, so the violation has been logged but no further action has been taken. @ https://www.gstatic.com/_/mss/boq-makersuite/_/js/k=boq-makersuite.MakerSuite.fr.-Nn8yVzzUPA.2018.O/am=EAE/d=1/excm=_b/ed=1/dg=0/br=1/wt=2/ujg=1/rs=AMOXD2_s4Gcb3TikydzlELG9lJB5tcctbQ/dti=1/m=_b:2730
[51097121ms] [INFO] Loading the script 'https://www.gstatic.com/monaco_editor/HYZlMEXM6ED6/vs/editor/editor.main.js' violates the following Content Security Policy directive: "script-src 'unsafe-inline' 'unsafe-eval' blob: data: https://accounts.google.com/gsi/client https://apis.google.com/js/api.js https://billing-ads-qa-devel.corp.google.com/payments/v4/js/integrator.js https://payments.google.com/payments/v4/js/integrator.js https://payments.sandbox.google.com/payments/v4/js/integrator.js https://www.googletagmanager.com/gtm.js https://www.gstatic.com/glue/cookienotificationbar/cookienotificationbar.min.js https://www-onepick-opensocial.googleusercontent.com/gadgets/js/rpc.js https://www.googletagmanager.com/gtag/js https://www.google-analytics.com/analytics.js https://www.googletagmanager.com/gtag/destination https://www.google.com/tools/feedback/chat_load.js https://www.google.com/tools/feedback/help_api.js https://www.google.com/tools/feedback/load.js https://www.google.com/tools/feedback/open.js https://www.google.com/tools/feedback/open_to_help_guide_lazy.js https://www.gstatic.com/feedback/js/ https://www.gstatic.com/feedback/js/help/prod/service/lazy.min.js https://www.gstatic.com/inproduct_help/api/main.min.js https://www.gstatic.com/inproduct_help/chatsupport/chatsupport_button_v2.js https://www.gstatic.com/inproduct_help/service/lazy.min.js https://www.gstatic.com/uservoice/feedback/client/web/live/ https://www.gstatic.com/uservoice/surveys/resources/prod/js/survey/ https://www.gstatic.com/_/mss/boq-makersuite/_/js/k=boq-makersuite.MakerSuite.fr.-Nn8yVzzUPA.2018.O/ https://apis.google.com/_/scs/abc-static/_/js/ https://payments.google.com/payments/u/0/v4/js/integrator.js https://payments.youtube.com/payments/v4/js/integrator.js https://payments.youtube.com/payments/u/0/v4/js/integrator.js https://payments.cloud.google/payments/v4/js/integrator.js". Note that 'script-src-elem' was not explicitly set, so 'script-src' is used as a fallback. The policy is report-only, so the violation has been logged but no further action has been taken. @ https://www.gstatic.com/monaco_editor/HYZlMEXM6ED6%2Fvs%2Floader.js:5
[51097307ms] [INFO] Loading the script 'https://www.gstatic.com/monaco_editor/HYZlMEXM6ED6/vs/basic-languages/typescript/typescript.js' violates the following Content Security Policy directive: "script-src 'unsafe-inline' 'unsafe-eval' blob: data: https://accounts.google.com/gsi/client https://apis.google.com/js/api.js https://billing-ads-qa-devel.corp.google.com/payments/v4/js/integrator.js https://payments.google.com/payments/v4/js/integrator.js https://payments.sandbox.google.com/payments/v4/js/integrator.js https://www.googletagmanager.com/gtm.js https://www.gstatic.com/glue/cookienotificationbar/cookienotificationbar.min.js https://www-onepick-opensocial.googleusercontent.com/gadgets/js/rpc.js https://www.googletagmanager.com/gtag/js https://www.google-analytics.com/analytics.js https://www.googletagmanager.com/gtag/destination https://www.google.com/tools/feedback/chat_load.js https://www.google.com/tools/feedback/help_api.js https://www.google.com/tools/feedback/load.js https://www.google.com/tools/feedback/open.js https://www.google.com/tools/feedback/open_to_help_guide_lazy.js https://www.gstatic.com/feedback/js/ https://www.gstatic.com/feedback/js/help/prod/service/lazy.min.js https://www.gstatic.com/inproduct_help/api/main.min.js https://www.gstatic.com/inproduct_help/chatsupport/chatsupport_button_v2.js https://www.gstatic.com/inproduct_help/service/lazy.min.js https://www.gstatic.com/uservoice/feedback/client/web/live/ https://www.gstatic.com/uservoice/surveys/resources/prod/js/survey/ https://www.gstatic.com/_/mss/boq-makersuite/_/js/k=boq-makersuite.MakerSuite.fr.-Nn8yVzzUPA.2018.O/ https://apis.google.com/_/scs/abc-static/_/js/ https://payments.google.com/payments/u/0/v4/js/integrator.js https://payments.youtube.com/payments/v4/js/integrator.js https://payments.youtube.com/payments/u/0/v4/js/integrator.js https://payments.cloud.google/payments/v4/js/integrator.js". Note that 'script-src-elem' was not explicitly set, so 'script-src' is used as a fallback. The policy is report-only, so the violation has been logged but no further action has been taken. @ https://www.gstatic.com/monaco_editor/HYZlMEXM6ED6%2Fvs%2Floader.js:5
[51097308ms] [INFO] Loading the script 'https://www.gstatic.com/monaco_editor/HYZlMEXM6ED6/vs/basic-languages/html/html.js' violates the following Content Security Policy directive: "script-src 'unsafe-inline' 'unsafe-eval' blob: data: https://accounts.google.com/gsi/client https://apis.google.com/js/api.js https://billing-ads-qa-devel.corp.google.com/payments/v4/js/integrator.js https://payments.google.com/payments/v4/js/integrator.js https://payments.sandbox.google.com/payments/v4/js/integrator.js https://www.googletagmanager.com/gtm.js https://www.gstatic.com/glue/cookienotificationbar/cookienotificationbar.min.js https://www-onepick-opensocial.googleusercontent.com/gadgets/js/rpc.js https://www.googletagmanager.com/gtag/js https://www.google-analytics.com/analytics.js https://www.googletagmanager.com/gtag/destination https://www.google.com/tools/feedback/chat_load.js https://www.google.com/tools/feedback/help_api.js https://www.google.com/tools/feedback/load.js https://www.google.com/tools/feedback/open.js https://www.google.com/tools/feedback/open_to_help_guide_lazy.js https://www.gstatic.com/feedback/js/ https://www.gstatic.com/feedback/js/help/prod/service/lazy.min.js https://www.gstatic.com/inproduct_help/api/main.min.js https://www.gstatic.com/inproduct_help/chatsupport/chatsupport_button_v2.js https://www.gstatic.com/inproduct_help/service/lazy.min.js https://www.gstatic.com/uservoice/feedback/client/web/live/ https://www.gstatic.com/uservoice/surveys/resources/prod/js/survey/ https://www.gstatic.com/_/mss/boq-makersuite/_/js/k=boq-makersuite.MakerSuite.fr.-Nn8yVzzUPA.2018.O/ https://apis.google.com/_/scs/abc-static/_/js/ https://payments.google.com/payments/u/0/v4/js/integrator.js https://payments.youtube.com/payments/v4/js/integrator.js https://payments.youtube.com/payments/u/0/v4/js/integrator.js https://payments.cloud.google/payments/v4/js/integrator.js". Note that 'script-src-elem' was not explicitly set, so 'script-src' is used as a fallback. The policy is report-only, so the violation has been logged but no further action has been taken. @ https://www.gstatic.com/monaco_editor/HYZlMEXM6ED6%2Fvs%2Floader.js:5
[51097794ms] [INFO] Loading the script 'https://www.gstatic.com/monaco_editor/HYZlMEXM6ED6/vs/language/json/jsonMode.js' violates the following Content Security Policy directive: "script-src 'unsafe-inline' 'unsafe-eval' blob: data: https://accounts.google.com/gsi/client https://apis.google.com/js/api.js https://billing-ads-qa-devel.corp.google.com/payments/v4/js/integrator.js https://payments.google.com/payments/v4/js/integrator.js https://payments.sandbox.google.com/payments/v4/js/integrator.js https://www.googletagmanager.com/gtm.js https://www.gstatic.com/glue/cookienotificationbar/cookienotificationbar.min.js https://www-onepick-opensocial.googleusercontent.com/gadgets/js/rpc.js https://www.googletagmanager.com/gtag/js https://www.google-analytics.com/analytics.js https://www.googletagmanager.com/gtag/destination https://www.google.com/tools/feedback/chat_load.js https://www.google.com/tools/feedback/help_api.js https://www.google.com/tools/feedback/load.js https://www.google.com/tools/feedback/open.js https://www.google.com/tools/feedback/open_to_help_guide_lazy.js https://www.gstatic.com/feedback/js/ https://www.gstatic.com/feedback/js/help/prod/service/lazy.min.js https://www.gstatic.com/inproduct_help/api/main.min.js https://www.gstatic.com/inproduct_help/chatsupport/chatsupport_button_v2.js https://www.gstatic.com/inproduct_help/service/lazy.min.js https://www.gstatic.com/uservoice/feedback/client/web/live/ https://www.gstatic.com/uservoice/surveys/resources/prod/js/survey/ https://www.gstatic.com/_/mss/boq-makersuite/_/js/k=boq-makersuite.MakerSuite.fr.-Nn8yVzzUPA.2018.O/ https://apis.google.com/_/scs/abc-static/_/js/ https://payments.google.com/payments/u/0/v4/js/integrator.js https://payments.youtube.com/payments/v4/js/integrator.js https://payments.youtube.com/payments/u/0/v4/js/integrator.js https://payments.cloud.google/payments/v4/js/integrator.js". Note that 'script-src-elem' was not explicitly set, so 'script-src' is used as a fallback. The policy is report-only, so the violation has been logged but no further action has been taken. @ https://www.gstatic.com/monaco_editor/HYZlMEXM6ED6%2Fvs%2Floader.js:5
[51098216ms] [WARNING] Could not create web worker(s). Falling back to loading web worker code in main thread, which might cause UI freezes. Please see https://github.com/microsoft/monaco-editor#faq @ https://www.gstatic.com/monaco_editor/HYZlMEXM6ED6/vs/editor/editor.main.js:600
[51098217ms] [WARNING] Lh @ https://www.gstatic.com/monaco_editor/HYZlMEXM6ED6/vs/editor/editor.main.js:600
[51098218ms] [INFO] Loading the script 'https://www.gstatic.com/monaco_editor/HYZlMEXM6ED6/vs/language/json/jsonWorker.js' violates the following Content Security Policy directive: "script-src 'unsafe-inline' 'unsafe-eval' blob: data: https://accounts.google.com/gsi/client https://apis.google.com/js/api.js https://billing-ads-qa-devel.corp.google.com/payments/v4/js/integrator.js https://payments.google.com/payments/v4/js/integrator.js https://payments.sandbox.google.com/payments/v4/js/integrator.js https://www.googletagmanager.com/gtm.js https://www.gstatic.com/glue/cookienotificationbar/cookienotificationbar.min.js https://www-onepick-opensocial.googleusercontent.com/gadgets/js/rpc.js https://www.googletagmanager.com/gtag/js https://www.google-analytics.com/analytics.js https://www.googletagmanager.com/gtag/destination https://www.google.com/tools/feedback/chat_load.js https://www.google.com/tools/feedback/help_api.js https://www.google.com/tools/feedback/load.js https://www.google.com/tools/feedback/open.js https://www.google.com/tools/feedback/open_to_help_guide_lazy.js https://www.gstatic.com/feedback/js/ https://www.gstatic.com/feedback/js/help/prod/service/lazy.min.js https://www.gstatic.com/inproduct_help/api/main.min.js https://www.gstatic.com/inproduct_help/chatsupport/chatsupport_button_v2.js https://www.gstatic.com/inproduct_help/service/lazy.min.js https://www.gstatic.com/uservoice/feedback/client/web/live/ https://www.gstatic.com/uservoice/surveys/resources/prod/js/survey/ https://www.gstatic.com/_/mss/boq-makersuite/_/js/k=boq-makersuite.MakerSuite.fr.-Nn8yVzzUPA.2018.O/ https://apis.google.com/_/scs/abc-static/_/js/ https://payments.google.com/payments/u/0/v4/js/integrator.js https://payments.youtube.com/payments/v4/js/integrator.js https://payments.youtube.com/payments/u/0/v4/js/integrator.js https://payments.cloud.google/payments/v4/js/integrator.js". Note that 'script-src-elem' was not explicitly set, so 'script-src' is used as a fallback. The policy is report-only, so the violation has been logged but no further action has been taken. @ https://www.gstatic.com/monaco_editor/HYZlMEXM6ED6%2Fvs%2Floader.js:5
[51098233ms] [WARNING] Lh @ https://www.gstatic.com/monaco_editor/HYZlMEXM6ED6/vs/editor/editor.main.js:600
[51098275ms] [WARNING] No ID or name found in config. @ https://www.gstatic.com/_/mss/boq-makersuite/_/js/k=boq-makersuite.MakerSuite.fr.-Nn8yVzzUPA.2018.O/am=EAE/d=1/excm=_b/ed=1/dg=0/br=1/wt=2/ujg=1/rs=AMOXD2_s4Gcb3TikydzlELG9lJB5tcctbQ/dti=1/m=_b:1463
[51098277ms] [WARNING] No ID or name found in config. @ https://www.gstatic.com/_/mss/boq-makersuite/_/js/k=boq-makersuite.MakerSuite.fr.-Nn8yVzzUPA.2018.O/am=EAE/d=1/excm=_b/ed=1/dg=0/br=1/wt=2/ujg=1/rs=AMOXD2_s4Gcb3TikydzlELG9lJB5tcctbQ/dti=1/m=_b:1463
[51101903ms] [WARNING] Origin trial controlled feature not enabled: 'writer'. @ https://www.gstatic.com/_/mss/boq-makersuite/_/js/k=boq-makersuite.MakerSuite.fr.-Nn8yVzzUPA.2018.O/ck=boq-makersuite.MakerSuite.O-rQLqHq_WI.L.B1.O/am=EAE/d=1/exm=XVDWwe,_b/excm=_b/ed=1/br=1/wt=2/ujg=1/rs=AMOXD28Tigfit4RfB1RnBRPVM5leiV76Iw/dti=1/m=Jn51xb:2084
[51101903ms] [WARNING] Origin trial controlled feature not enabled: 'rewriter'. @ https://www.gstatic.com/_/mss/boq-makersuite/_/js/k=boq-makersuite.MakerSuite.fr.-Nn8yVzzUPA.2018.O/ck=boq-makersuite.MakerSuite.O-rQLqHq_WI.L.B1.O/am=EAE/d=1/exm=XVDWwe,_b/excm=_b/ed=1/br=1/wt=2/ujg=1/rs=AMOXD28Tigfit4RfB1RnBRPVM5leiV76Iw/dti=1/m=Jn51xb:2084
[51101903ms] [WARNING] Unrecognized feature: 'proofreader'. @ https://www.gstatic.com/_/mss/boq-makersuite/_/js/k=boq-makersuite.MakerSuite.fr.-Nn8yVzzUPA.2018.O/ck=boq-makersuite.MakerSuite.O-rQLqHq_WI.L.B1.O/am=EAE/d=1/exm=XVDWwe,_b/excm=_b/ed=1/br=1/wt=2/ujg=1/rs=AMOXD28Tigfit4RfB1RnBRPVM5leiV76Iw/dti=1/m=Jn51xb:2084
[51107545ms] [WARNING] Blocked aria-hidden on an element because its descendant retained focus. The focus must not be hidden from assistive technology users. Avoid using aria-hidden on a focused element or its ancestor. Consider using the inert attribute instead, which will also prevent focus. For more details, see the aria-hidden section of the WAI-ARIA specification at https://w3c.github.io/aria/#aria-hidden.
Element with focus: <button.glue-cookie-notification-bar__accept>
Ancestor with aria-hidden: <div.glue-cookie-notification-bar#glue-cookie-notification-bar-1> @ https://aistudio.google.com/apps/c8c41ab2-0641-4242-b3aa-411cbae0f67b?showPreview=true&showAssistant=true:0
[51108145ms] [WARNING] No ID or name found in config. @ https://www.gstatic.com/_/mss/boq-makersuite/_/js/k=boq-makersuite.MakerSuite.fr.-Nn8yVzzUPA.2018.O/am=EAE/d=1/excm=_b/ed=1/dg=0/br=1/wt=2/ujg=1/rs=AMOXD2_s4Gcb3TikydzlELG9lJB5tcctbQ/dti=1/m=_b:1463
[51108145ms] [WARNING] No ID or name found in config. @ https://www.gstatic.com/_/mss/boq-makersuite/_/js/k=boq-makersuite.MakerSuite.fr.-Nn8yVzzUPA.2018.O/am=EAE/d=1/excm=_b/ed=1/dg=0/br=1/wt=2/ujg=1/rs=AMOXD2_s4Gcb3TikydzlELG9lJB5tcctbQ/dti=1/m=_b:1463
[51193347ms] [INFO] Loading the script 'https://apis.google.com/js/client.js' violates the following Content Security Policy directive: "script-src 'unsafe-inline' 'unsafe-eval' blob: data: https://accounts.google.com/gsi/client https://apis.google.com/js/api.js https://billing-ads-qa-devel.corp.google.com/payments/v4/js/integrator.js https://payments.google.com/payments/v4/js/integrator.js https://payments.sandbox.google.com/payments/v4/js/integrator.js https://www.googletagmanager.com/gtm.js https://www.gstatic.com/glue/cookienotificationbar/cookienotificationbar.min.js https://www-onepick-opensocial.googleusercontent.com/gadgets/js/rpc.js https://www.googletagmanager.com/gtag/js https://www.google-analytics.com/analytics.js https://www.googletagmanager.com/gtag/destination https://www.google.com/tools/feedback/chat_load.js https://www.google.com/tools/feedback/help_api.js https://www.google.com/tools/feedback/load.js https://www.google.com/tools/feedback/open.js https://www.google.com/tools/feedback/open_to_help_guide_lazy.js https://www.gstatic.com/feedback/js/ https://www.gstatic.com/feedback/js/help/prod/service/lazy.min.js https://www.gstatic.com/inproduct_help/api/main.min.js https://www.gstatic.com/inproduct_help/chatsupport/chatsupport_button_v2.js https://www.gstatic.com/inproduct_help/service/lazy.min.js https://www.gstatic.com/uservoice/feedback/client/web/live/ https://www.gstatic.com/uservoice/surveys/resources/prod/js/survey/ https://www.gstatic.com/_/mss/boq-makersuite/_/js/k=boq-makersuite.MakerSuite.fr.-Nn8yVzzUPA.2018.O/ https://apis.google.com/_/scs/abc-static/_/js/ https://payments.google.com/payments/u/0/v4/js/integrator.js https://payments.youtube.com/payments/v4/js/integrator.js https://payments.youtube.com/payments/u/0/v4/js/integrator.js https://payments.cloud.google/payments/v4/js/integrator.js". Note that 'script-src-elem' was not explicitly set, so 'script-src' is used as a fallback. The policy is report-only, so the violation has been logged but no further action has been taken. @ https://www.gstatic.com/feedback/js/help/prod/service/lazy.min.js:116
[51198016ms] [ERROR] Failed to load resource: the server responded with a status of 404 () @ https://aistudio.google.com/_/upload/c8c41ab2-0641-4242-b3aa-411cbae0f67b/attachment/1778581531.461403000/blobstore/prod/makersuite/uploads/ce5a297a18c4439c9c9cf193c72b1e8f61ac652f388e54ce97b2e018eb07305f:0
[51198019ms] [ERROR] Failed to load resource: the server responded with a status of 404 () @ https://aistudio.google.com/_/upload/c8c41ab2-0641-4242-b3aa-411cbae0f67b/attachment/1778581531.461403000/blobstore/prod/makersuite/uploads/cd3a195c0d7a28a492278767e8199cb0ab036bdd8dc0589d4e0627d91733565a:0
[51198019ms] [ERROR] Failed to load resource: the server responded with a status of 404 () @ https://aistudio.google.com/_/upload/c8c41ab2-0641-4242-b3aa-411cbae0f67b/attachment/1778581531.461403000/blobstore/prod/makersuite/uploads/0957a7f03f5d2e9af1d49264028e00aeb892a6e5a67e84ca335516c3007d968e:0
[51198019ms] [ERROR] Failed to load resource: the server responded with a status of 404 () @ https://aistudio.google.com/_/upload/c8c41ab2-0641-4242-b3aa-411cbae0f67b/attachment/1778581531.461403000/blobstore/prod/makersuite/uploads/2e566a4fda01807ecbcfee245cd138dea2abc43d6831d6e140c9a45309b8bc01:0
[51198019ms] [ERROR] Failed to load resource: the server responded with a status of 404 () @ https://aistudio.google.com/_/upload/c8c41ab2-0641-4242-b3aa-411cbae0f67b/attachment/1778581531.461403000/blobstore/prod/makersuite/uploads/b79777c8c9be568c9c04c5ea7fbaea1520f92579a4a819c14dadcc81230afbfa:0
[51198019ms] [ERROR] Failed to load resource: the server responded with a status of 404 () @ https://aistudio.google.com/_/upload/c8c41ab2-0641-4242-b3aa-411cbae0f67b/attachment/1778581531.461403000/blobstore/prod/makersuite/uploads/eedc6a881a81b76656250cf608ad6eebec830b06782908f0875c9e61e05e85a4:0
[51198019ms] [ERROR] Failed to load resource: the server responded with a status of 404 () @ https://aistudio.google.com/_/upload/c8c41ab2-0641-4242-b3aa-411cbae0f67b/attachment/1778581531.461403000/blobstore/prod/makersuite/uploads/7a988efce3d85d66f881f09d93372671866fd6c5d47cfca46a5ec814bfaf2f31:0
[51198020ms] [ERROR] Failed to load resource: the server responded with a status of 404 () @ https://aistudio.google.com/_/upload/c8c41ab2-0641-4242-b3aa-411cbae0f67b/attachment/1778581531.461403000/blobstore/prod/makersuite/uploads/683c84de64b7dcac9dee4591b49694fe6ab259da557c3c86c42e22184b2c0f8d:0
[51198026ms] [ERROR] Failed to load resource: the server responded with a status of 404 () @ https://aistudio.google.com/_/upload/c8c41ab2-0641-4242-b3aa-411cbae0f67b/attachment/1778581531.461403000/blobstore/prod/makersuite/uploads/213bd5fef2122ee06ec9ffab74fd1c431f400a84ce5a28d9ac15eb34e94a8caf:0
[51198028ms] [ERROR] Failed to load resource: the server responded with a status of 404 () @ https://aistudio.google.com/_/upload/c8c41ab2-0641-4242-b3aa-411cbae0f67b/attachment/1778581531.461403000/blobstore/prod/makersuite/uploads/fcda94cb8dae444b64e8a7722453b227fb9e1088603acc79cf765f6264625b1a:0
[51198101ms] [ERROR] Failed to load resource: the server responded with a status of 404 () @ https://aistudio.google.com/_/upload/c8c41ab2-0641-4242-b3aa-411cbae0f67b/attachment/1778581531.461403000/blobstore/prod/makersuite/uploads/738dc428ec6652d9c7a2d450bcdc4a697b3d5ee3e7e54f018a44957d1c16f5a2:0
[51235259ms] [INFO] Loading the script 'https://www.gstatic.com/monaco_editor/HYZlMEXM6ED6/vs/basic-languages/css/css.js' violates the following Content Security Policy directive: "script-src 'unsafe-inline' 'unsafe-eval' blob: data: https://accounts.google.com/gsi/client https://apis.google.com/js/api.js https://billing-ads-qa-devel.corp.google.com/payments/v4/js/integrator.js https://payments.google.com/payments/v4/js/integrator.js https://payments.sandbox.google.com/payments/v4/js/integrator.js https://www.googletagmanager.com/gtm.js https://www.gstatic.com/glue/cookienotificationbar/cookienotificationbar.min.js https://www-onepick-opensocial.googleusercontent.com/gadgets/js/rpc.js https://www.googletagmanager.com/gtag/js https://www.google-analytics.com/analytics.js https://www.googletagmanager.com/gtag/destination https://www.google.com/tools/feedback/chat_load.js https://www.google.com/tools/feedback/help_api.js https://www.google.com/tools/feedback/load.js https://www.google.com/tools/feedback/open.js https://www.google.com/tools/feedback/open_to_help_guide_lazy.js https://www.gstatic.com/feedback/js/ https://www.gstatic.com/feedback/js/help/prod/service/lazy.min.js https://www.gstatic.com/inproduct_help/api/main.min.js https://www.gstatic.com/inproduct_help/chatsupport/chatsupport_button_v2.js https://www.gstatic.com/inproduct_help/service/lazy.min.js https://www.gstatic.com/uservoice/feedback/client/web/live/ https://www.gstatic.com/uservoice/surveys/resources/prod/js/survey/ https://www.gstatic.com/_/mss/boq-makersuite/_/js/k=boq-makersuite.MakerSuite.fr.-Nn8yVzzUPA.2018.O/ https://apis.google.com/_/scs/abc-static/_/js/ https://payments.google.com/payments/u/0/v4/js/integrator.js https://payments.youtube.com/payments/v4/js/integrator.js https://payments.youtube.com/payments/u/0/v4/js/integrator.js https://payments.cloud.google/payments/v4/js/integrator.js". Note that 'script-src-elem' was not explicitly set, so 'script-src' is used as a fallback. The policy is report-only, so the violation has been logged but no further action has been taken. @ https://www.gstatic.com/monaco_editor/HYZlMEXM6ED6%2Fvs%2Floader.js:5
[51235294ms] [INFO] Loading the script 'https://www.gstatic.com/monaco_editor/HYZlMEXM6ED6/vs/language/css/cssMode.js' violates the following Content Security Policy directive: "script-src 'unsafe-inline' 'unsafe-eval' blob: data: https://accounts.google.com/gsi/client https://apis.google.com/js/api.js https://billing-ads-qa-devel.corp.google.com/payments/v4/js/integrator.js https://payments.google.com/payments/v4/js/integrator.js https://payments.sandbox.google.com/payments/v4/js/integrator.js https://www.googletagmanager.com/gtm.js https://www.gstatic.com/glue/cookienotificationbar/cookienotificationbar.min.js https://www-onepick-opensocial.googleusercontent.com/gadgets/js/rpc.js https://www.googletagmanager.com/gtag/js https://www.google-analytics.com/analytics.js https://www.googletagmanager.com/gtag/destination https://www.google.com/tools/feedback/chat_load.js https://www.google.com/tools/feedback/help_api.js https://www.google.com/tools/feedback/load.js https://www.google.com/tools/feedback/open.js https://www.google.com/tools/feedback/open_to_help_guide_lazy.js https://www.gstatic.com/feedback/js/ https://www.gstatic.com/feedback/js/help/prod/service/lazy.min.js https://www.gstatic.com/inproduct_help/api/main.min.js https://www.gstatic.com/inproduct_help/chatsupport/chatsupport_button_v2.js https://www.gstatic.com/inproduct_help/service/lazy.min.js https://www.gstatic.com/uservoice/feedback/client/web/live/ https://www.gstatic.com/uservoice/surveys/resources/prod/js/survey/ https://www.gstatic.com/_/mss/boq-makersuite/_/js/k=boq-makersuite.MakerSuite.fr.-Nn8yVzzUPA.2018.O/ https://apis.google.com/_/scs/abc-static/_/js/ https://payments.google.com/payments/u/0/v4/js/integrator.js https://payments.youtube.com/payments/v4/js/integrator.js https://payments.youtube.com/payments/u/0/v4/js/integrator.js https://payments.cloud.google/payments/v4/js/integrator.js". Note that 'script-src-elem' was not explicitly set, so 'script-src' is used as a fallback. The policy is report-only, so the violation has been logged but no further action has been taken. @ https://www.gstatic.com/monaco_editor/HYZlMEXM6ED6%2Fvs%2Floader.js:5
[51235553ms] [WARNING] Lh @ https://www.gstatic.com/monaco_editor/HYZlMEXM6ED6/vs/editor/editor.main.js:600
[51235558ms] [INFO] Loading the script 'https://www.gstatic.com/monaco_editor/HYZlMEXM6ED6/vs/language/css/cssWorker.js' violates the following Content Security Policy directive: "script-src 'unsafe-inline' 'unsafe-eval' blob: data: https://accounts.google.com/gsi/client https://apis.google.com/js/api.js https://billing-ads-qa-devel.corp.google.com/payments/v4/js/integrator.js https://payments.google.com/payments/v4/js/integrator.js https://payments.sandbox.google.com/payments/v4/js/integrator.js https://www.googletagmanager.com/gtm.js https://www.gstatic.com/glue/cookienotificationbar/cookienotificationbar.min.js https://www-onepick-opensocial.googleusercontent.com/gadgets/js/rpc.js https://www.googletagmanager.com/gtag/js https://www.google-analytics.com/analytics.js https://www.googletagmanager.com/gtag/destination https://www.google.com/tools/feedback/chat_load.js https://www.google.com/tools/feedback/help_api.js https://www.google.com/tools/feedback/load.js https://www.google.com/tools/feedback/open.js https://www.google.com/tools/feedback/open_to_help_guide_lazy.js https://www.gstatic.com/feedback/js/ https://www.gstatic.com/feedback/js/help/prod/service/lazy.min.js https://www.gstatic.com/inproduct_help/api/main.min.js https://www.gstatic.com/inproduct_help/chatsupport/chatsupport_button_v2.js https://www.gstatic.com/inproduct_help/service/lazy.min.js https://www.gstatic.com/uservoice/feedback/client/web/live/ https://www.gstatic.com/uservoice/surveys/resources/prod/js/survey/ https://www.gstatic.com/_/mss/boq-makersuite/_/js/k=boq-makersuite.MakerSuite.fr.-Nn8yVzzUPA.2018.O/ https://apis.google.com/_/scs/abc-static/_/js/ https://payments.google.com/payments/u/0/v4/js/integrator.js https://payments.youtube.com/payments/v4/js/integrator.js https://payments.youtube.com/payments/u/0/v4/js/integrator.js https://payments.cloud.google/payments/v4/js/integrator.js". Note that 'script-src-elem' was not explicitly set, so 'script-src' is used as a fallback. The policy is report-only, so the violation has been logged but no further action has been taken. @ https://www.gstatic.com/monaco_editor/HYZlMEXM6ED6%2Fvs%2Floader.js:5
[51271215ms] [INFO] Loading the script 'https://www.gstatic.com/monaco_editor/HYZlMEXM6ED6/vs/language/typescript/tsMode.js' violates the following Content Security Policy directive: "script-src 'unsafe-inline' 'unsafe-eval' blob: data: https://accounts.google.com/gsi/client https://apis.google.com/js/api.js https://billing-ads-qa-devel.corp.google.com/payments/v4/js/integrator.js https://payments.google.com/payments/v4/js/integrator.js https://payments.sandbox.google.com/payments/v4/js/integrator.js https://www.googletagmanager.com/gtm.js https://www.gstatic.com/glue/cookienotificationbar/cookienotificationbar.min.js https://www-onepick-opensocial.googleusercontent.com/gadgets/js/rpc.js https://www.googletagmanager.com/gtag/js https://www.google-analytics.com/analytics.js https://www.googletagmanager.com/gtag/destination https://www.google.com/tools/feedback/chat_load.js https://www.google.com/tools/feedback/help_api.js https://www.google.com/tools/feedback/load.js https://www.google.com/tools/feedback/open.js https://www.google.com/tools/feedback/open_to_help_guide_lazy.js https://www.gstatic.com/feedback/js/ https://www.gstatic.com/feedback/js/help/prod/service/lazy.min.js https://www.gstatic.com/inproduct_help/api/main.min.js https://www.gstatic.com/inproduct_help/chatsupport/chatsupport_button_v2.js https://www.gstatic.com/inproduct_help/service/lazy.min.js https://www.gstatic.com/uservoice/feedback/client/web/live/ https://www.gstatic.com/uservoice/surveys/resources/prod/js/survey/ https://www.gstatic.com/_/mss/boq-makersuite/_/js/k=boq-makersuite.MakerSuite.fr.-Nn8yVzzUPA.2018.O/ https://apis.google.com/_/scs/abc-static/_/js/ https://payments.google.com/payments/u/0/v4/js/integrator.js https://payments.youtube.com/payments/v4/js/integrator.js https://payments.youtube.com/payments/u/0/v4/js/integrator.js https://payments.cloud.google/payments/v4/js/integrator.js". Note that 'script-src-elem' was not explicitly set, so 'script-src' is used as a fallback. The policy is report-only, so the violation has been logged but no further action has been taken. @ https://www.gstatic.com/monaco_editor/HYZlMEXM6ED6%2Fvs%2Floader.js:5
[51271569ms] [WARNING] Lh @ https://www.gstatic.com/monaco_editor/HYZlMEXM6ED6/vs/editor/editor.main.js:600
[51271571ms] [INFO] Loading the script 'https://www.gstatic.com/monaco_editor/HYZlMEXM6ED6/vs/language/typescript/tsWorker.js' violates the following Content Security Policy directive: "script-src 'unsafe-inline' 'unsafe-eval' blob: data: https://accounts.google.com/gsi/client https://apis.google.com/js/api.js https://billing-ads-qa-devel.corp.google.com/payments/v4/js/integrator.js https://payments.google.com/payments/v4/js/integrator.js https://payments.sandbox.google.com/payments/v4/js/integrator.js https://www.googletagmanager.com/gtm.js https://www.gstatic.com/glue/cookienotificationbar/cookienotificationbar.min.js https://www-onepick-opensocial.googleusercontent.com/gadgets/js/rpc.js https://www.googletagmanager.com/gtag/js https://www.google-analytics.com/analytics.js https://www.googletagmanager.com/gtag/destination https://www.google.com/tools/feedback/chat_load.js https://www.google.com/tools/feedback/help_api.js https://www.google.com/tools/feedback/load.js https://www.google.com/tools/feedback/open.js https://www.google.com/tools/feedback/open_to_help_guide_lazy.js https://www.gstatic.com/feedback/js/ https://www.gstatic.com/feedback/js/help/prod/service/lazy.min.js https://www.gstatic.com/inproduct_help/api/main.min.js https://www.gstatic.com/inproduct_help/chatsupport/chatsupport_button_v2.js https://www.gstatic.com/inproduct_help/service/lazy.min.js https://www.gstatic.com/uservoice/feedback/client/web/live/ https://www.gstatic.com/uservoice/surveys/resources/prod/js/survey/ https://www.gstatic.com/_/mss/boq-makersuite/_/js/k=boq-makersuite.MakerSuite.fr.-Nn8yVzzUPA.2018.O/ https://apis.google.com/_/scs/abc-static/_/js/ https://payments.google.com/payments/u/0/v4/js/integrator.js https://payments.youtube.com/payments/v4/js/integrator.js https://payments.youtube.com/payments/u/0/v4/js/integrator.js https://payments.cloud.google/payments/v4/js/integrator.js". Note that 'script-src-elem' was not explicitly set, so 'script-src' is used as a fallback. The policy is report-only, so the violation has been logged but no further action has been taken. @ https://www.gstatic.com/monaco_editor/HYZlMEXM6ED6%2Fvs%2Floader.js:5
[51817448ms] [WARNING] No ID or name found in config. @ https://www.gstatic.com/_/mss/boq-makersuite/_/js/k=boq-makersuite.MakerSuite.fr.-Nn8yVzzUPA.2018.O/am=EAE/d=1/excm=_b/ed=1/dg=0/br=1/wt=2/ujg=1/rs=AMOXD2_s4Gcb3TikydzlELG9lJB5tcctbQ/dti=1/m=_b:1463
[51817452ms] [WARNING] No ID or name found in config. @ https://www.gstatic.com/_/mss/boq-makersuite/_/js/k=boq-makersuite.MakerSuite.fr.-Nn8yVzzUPA.2018.O/am=EAE/d=1/excm=_b/ed=1/dg=0/br=1/wt=2/ujg=1/rs=AMOXD2_s4Gcb3TikydzlELG9lJB5tcctbQ/dti=1/m=_b:1463
[51817455ms] [WARNING] No ID or name found in config. @ https://www.gstatic.com/_/mss/boq-makersuite/_/js/k=boq-makersuite.MakerSuite.fr.-Nn8yVzzUPA.2018.O/am=EAE/d=1/excm=_b/ed=1/dg=0/br=1/wt=2/ujg=1/rs=AMOXD2_s4Gcb3TikydzlELG9lJB5tcctbQ/dti=1/m=_b:1463
[51817456ms] [WARNING] No ID or name found in config. @ https://www.gstatic.com/_/mss/boq-makersuite/_/js/k=boq-makersuite.MakerSuite.fr.-Nn8yVzzUPA.2018.O/am=EAE/d=1/excm=_b/ed=1/dg=0/br=1/wt=2/ujg=1/rs=AMOXD2_s4Gcb3TikydzlELG9lJB5tcctbQ/dti=1/m=_b:1463
[51817458ms] [WARNING] No ID or name found in config. @ https://www.gstatic.com/_/mss/boq-makersuite/_/js/k=boq-makersuite.MakerSuite.fr.-Nn8yVzzUPA.2018.O/am=EAE/d=1/excm=_b/ed=1/dg=0/br=1/wt=2/ujg=1/rs=AMOXD2_s4Gcb3TikydzlELG9lJB5tcctbQ/dti=1/m=_b:1463
[51817458ms] [WARNING] No ID or name found in config. @ https://www.gstatic.com/_/mss/boq-makersuite/_/js/k=boq-makersuite.MakerSuite.fr.-Nn8yVzzUPA.2018.O/am=EAE/d=1/excm=_b/ed=1/dg=0/br=1/wt=2/ujg=1/rs=AMOXD2_s4Gcb3TikydzlELG9lJB5tcctbQ/dti=1/m=_b:1463
[51817458ms] [WARNING] No ID or name found in config. @ https://www.gstatic.com/_/mss/boq-makersuite/_/js/k=boq-makersuite.MakerSuite.fr.-Nn8yVzzUPA.2018.O/am=EAE/d=1/excm=_b/ed=1/dg=0/br=1/wt=2/ujg=1/rs=AMOXD2_s4Gcb3TikydzlELG9lJB5tcctbQ/dti=1/m=_b:1463
[51817459ms] [WARNING] No ID or name found in config. @ https://www.gstatic.com/_/mss/boq-makersuite/_/js/k=boq-makersuite.MakerSuite.fr.-Nn8yVzzUPA.2018.O/am=EAE/d=1/excm=_b/ed=1/dg=0/br=1/wt=2/ujg=1/rs=AMOXD2_s4Gcb3TikydzlELG9lJB5tcctbQ/dti=1/m=_b:1463
[51817459ms] [WARNING] No ID or name found in config. @ https://www.gstatic.com/_/mss/boq-makersuite/_/js/k=boq-makersuite.MakerSuite.fr.-Nn8yVzzUPA.2018.O/am=EAE/d=1/excm=_b/ed=1/dg=0/br=1/wt=2/ujg=1/rs=AMOXD2_s4Gcb3TikydzlELG9lJB5tcctbQ/dti=1/m=_b:1463
[51817459ms] [WARNING] No ID or name found in config. @ https://www.gstatic.com/_/mss/boq-makersuite/_/js/k=boq-makersuite.MakerSuite.fr.-Nn8yVzzUPA.2018.O/am=EAE/d=1/excm=_b/ed=1/dg=0/br=1/wt=2/ujg=1/rs=AMOXD2_s4Gcb3TikydzlELG9lJB5tcctbQ/dti=1/m=_b:1463
[51817460ms] [WARNING] No ID or name found in config. @ https://www.gstatic.com/_/mss/boq-makersuite/_/js/k=boq-makersuite.MakerSuite.fr.-Nn8yVzzUPA.2018.O/am=EAE/d=1/excm=_b/ed=1/dg=0/br=1/wt=2/ujg=1/rs=AMOXD2_s4Gcb3TikydzlELG9lJB5tcctbQ/dti=1/m=_b:1463
[51817460ms] [WARNING] No ID or name found in config. @ https://www.gstatic.com/_/mss/boq-makersuite/_/js/k=boq-makersuite.MakerSuite.fr.-Nn8yVzzUPA.2018.O/am=EAE/d=1/excm=_b/ed=1/dg=0/br=1/wt=2/ujg=1/rs=AMOXD2_s4Gcb3TikydzlELG9lJB5tcctbQ/dti=1/m=_b:1463
[51817460ms] [WARNING] No ID or name found in config. @ https://www.gstatic.com/_/mss/boq-makersuite/_/js/k=boq-makersuite.MakerSuite.fr.-Nn8yVzzUPA.2018.O/am=EAE/d=1/excm=_b/ed=1/dg=0/br=1/wt=2/ujg=1/rs=AMOXD2_s4Gcb3TikydzlELG9lJB5tcctbQ/dti=1/m=_b:1463
[51817460ms] [WARNING] No ID or name found in config. @ https://www.gstatic.com/_/mss/boq-makersuite/_/js/k=boq-makersuite.MakerSuite.fr.-Nn8yVzzUPA.2018.O/am=EAE/d=1/excm=_b/ed=1/dg=0/br=1/wt=2/ujg=1/rs=AMOXD2_s4Gcb3TikydzlELG9lJB5tcctbQ/dti=1/m=_b:1463
[51817461ms] [WARNING] No ID or name found in config. @ https://www.gstatic.com/_/mss/boq-makersuite/_/js/k=boq-makersuite.MakerSuite.fr.-Nn8yVzzUPA.2018.O/am=EAE/d=1/excm=_b/ed=1/dg=0/br=1/wt=2/ujg=1/rs=AMOXD2_s4Gcb3TikydzlELG9lJB5tcctbQ/dti=1/m=_b:1463
[51817461ms] [WARNING] No ID or name found in config. @ https://www.gstatic.com/_/mss/boq-makersuite/_/js/k=boq-makersuite.MakerSuite.fr.-Nn8yVzzUPA.2018.O/am=EAE/d=1/excm=_b/ed=1/dg=0/br=1/wt=2/ujg=1/rs=AMOXD2_s4Gcb3TikydzlELG9lJB5tcctbQ/dti=1/m=_b:1463
[51817461ms] [WARNING] No ID or name found in config. @ https://www.gstatic.com/_/mss/boq-makersuite/_/js/k=boq-makersuite.MakerSuite.fr.-Nn8yVzzUPA.2018.O/am=EAE/d=1/excm=_b/ed=1/dg=0/br=1/wt=2/ujg=1/rs=AMOXD2_s4Gcb3TikydzlELG9lJB5tcctbQ/dti=1/m=_b:1463
[51817461ms] [WARNING] No ID or name found in config. @ https://www.gstatic.com/_/mss/boq-makersuite/_/js/k=boq-makersuite.MakerSuite.fr.-Nn8yVzzUPA.2018.O/am=EAE/d=1/excm=_b/ed=1/dg=0/br=1/wt=2/ujg=1/rs=AMOXD2_s4Gcb3TikydzlELG9lJB5tcctbQ/dti=1/m=_b:1463
[51817462ms] [WARNING] No ID or name found in config. @ https://www.gstatic.com/_/mss/boq-makersuite/_/js/k=boq-makersuite.MakerSuite.fr.-Nn8yVzzUPA.2018.O/am=EAE/d=1/excm=_b/ed=1/dg=0/br=1/wt=2/ujg=1/rs=AMOXD2_s4Gcb3TikydzlELG9lJB5tcctbQ/dti=1/m=_b:1463
[51817462ms] [WARNING] No ID or name found in config. @ https://www.gstatic.com/_/mss/boq-makersuite/_/js/k=boq-makersuite.MakerSuite.fr.-Nn8yVzzUPA.2018.O/am=EAE/d=1/excm=_b/ed=1/dg=0/br=1/wt=2/ujg=1/rs=AMOXD2_s4Gcb3TikydzlELG9lJB5tcctbQ/dti=1/m=_b:1463
[51817462ms] [WARNING] No ID or name found in config. @ https://www.gstatic.com/_/mss/boq-makersuite/_/js/k=boq-makersuite.MakerSuite.fr.-Nn8yVzzUPA.2018.O/am=EAE/d=1/excm=_b/ed=1/dg=0/br=1/wt=2/ujg=1/rs=AMOXD2_s4Gcb3TikydzlELG9lJB5tcctbQ/dti=1/m=_b:1463
[51817462ms] [WARNING] No ID or name found in config. @ https://www.gstatic.com/_/mss/boq-makersuite/_/js/k=boq-makersuite.MakerSuite.fr.-Nn8yVzzUPA.2018.O/am=EAE/d=1/excm=_b/ed=1/dg=0/br=1/wt=2/ujg=1/rs=AMOXD2_s4Gcb3TikydzlELG9lJB5tcctbQ/dti=1/m=_b:1463
[51817463ms] [WARNING] No ID or name found in config. @ https://www.gstatic.com/_/mss/boq-makersuite/_/js/k=boq-makersuite.MakerSuite.fr.-Nn8yVzzUPA.2018.O/am=EAE/d=1/excm=_b/ed=1/dg=0/br=1/wt=2/ujg=1/rs=AMOXD2_s4Gcb3TikydzlELG9lJB5tcctbQ/dti=1/m=_b:1463
[51817463ms] [WARNING] No ID or name found in config. @ https://www.gstatic.com/_/mss/boq-makersuite/_/js/k=boq-makersuite.MakerSuite.fr.-Nn8yVzzUPA.2018.O/am=EAE/d=1/excm=_b/ed=1/dg=0/br=1/wt=2/ujg=1/rs=AMOXD2_s4Gcb3TikydzlELG9lJB5tcctbQ/dti=1/m=_b:1463
[51817463ms] [WARNING] No ID or name found in config. @ https://www.gstatic.com/_/mss/boq-makersuite/_/js/k=boq-makersuite.MakerSuite.fr.-Nn8yVzzUPA.2018.O/am=EAE/d=1/excm=_b/ed=1/dg=0/br=1/wt=2/ujg=1/rs=AMOXD2_s4Gcb3TikydzlELG9lJB5tcctbQ/dti=1/m=_b:1463
[51817464ms] [WARNING] No ID or name found in config. @ https://www.gstatic.com/_/mss/boq-makersuite/_/js/k=boq-makersuite.MakerSuite.fr.-Nn8yVzzUPA.2018.O/am=EAE/d=1/excm=_b/ed=1/dg=0/br=1/wt=2/ujg=1/rs=AMOXD2_s4Gcb3TikydzlELG9lJB5tcctbQ/dti=1/m=_b:1463
[51817464ms] [WARNING] No ID or name found in config. @ https://www.gstatic.com/_/mss/boq-makersuite/_/js/k=boq-makersuite.MakerSuite.fr.-Nn8yVzzUPA.2018.O/am=EAE/d=1/excm=_b/ed=1/dg=0/br=1/wt=2/ujg=1/rs=AMOXD2_s4Gcb3TikydzlELG9lJB5tcctbQ/dti=1/m=_b:1463
[51817464ms] [WARNING] No ID or name found in config. @ https://www.gstatic.com/_/mss/boq-makersuite/_/js/k=boq-makersuite.MakerSuite.fr.-Nn8yVzzUPA.2018.O/am=EAE/d=1/excm=_b/ed=1/dg=0/br=1/wt=2/ujg=1/rs=AMOXD2_s4Gcb3TikydzlELG9lJB5tcctbQ/dti=1/m=_b:1463
[51817464ms] [WARNING] No ID or name found in config. @ https://www.gstatic.com/_/mss/boq-makersuite/_/js/k=boq-makersuite.MakerSuite.fr.-Nn8yVzzUPA.2018.O/am=EAE/d=1/excm=_b/ed=1/dg=0/br=1/wt=2/ujg=1/rs=AMOXD2_s4Gcb3TikydzlELG9lJB5tcctbQ/dti=1/m=_b:1463
[51817465ms] [WARNING] No ID or name found in config. @ https://www.gstatic.com/_/mss/boq-makersuite/_/js/k=boq-makersuite.MakerSuite.fr.-Nn8yVzzUPA.2018.O/am=EAE/d=1/excm=_b/ed=1/dg=0/br=1/wt=2/ujg=1/rs=AMOXD2_s4Gcb3TikydzlELG9lJB5tcctbQ/dti=1/m=_b:1463
[51817465ms] [WARNING] No ID or name found in config. @ https://www.gstatic.com/_/mss/boq-makersuite/_/js/k=boq-makersuite.MakerSuite.fr.-Nn8yVzzUPA.2018.O/am=EAE/d=1/excm=_b/ed=1/dg=0/br=1/wt=2/ujg=1/rs=AMOXD2_s4Gcb3TikydzlELG9lJB5tcctbQ/dti=1/m=_b:1463
[51817465ms] [WARNING] No ID or name found in config. @ https://www.gstatic.com/_/mss/boq-makersuite/_/js/k=boq-makersuite.MakerSuite.fr.-Nn8yVzzUPA.2018.O/am=EAE/d=1/excm=_b/ed=1/dg=0/br=1/wt=2/ujg=1/rs=AMOXD2_s4Gcb3TikydzlELG9lJB5tcctbQ/dti=1/m=_b:1463
[51817465ms] [WARNING] No ID or name found in config. @ https://www.gstatic.com/_/mss/boq-makersuite/_/js/k=boq-makersuite.MakerSuite.fr.-Nn8yVzzUPA.2018.O/am=EAE/d=1/excm=_b/ed=1/dg=0/br=1/wt=2/ujg=1/rs=AMOXD2_s4Gcb3TikydzlELG9lJB5tcctbQ/dti=1/m=_b:1463
[51817466ms] [WARNING] No ID or name found in config. @ https://www.gstatic.com/_/mss/boq-makersuite/_/js/k=boq-makersuite.MakerSuite.fr.-Nn8yVzzUPA.2018.O/am=EAE/d=1/excm=_b/ed=1/dg=0/br=1/wt=2/ujg=1/rs=AMOXD2_s4Gcb3TikydzlELG9lJB5tcctbQ/dti=1/m=_b:1463
[51817466ms] [WARNING] No ID or name found in config. @ https://www.gstatic.com/_/mss/boq-makersuite/_/js/k=boq-makersuite.MakerSuite.fr.-Nn8yVzzUPA.2018.O/am=EAE/d=1/excm=_b/ed=1/dg=0/br=1/wt=2/ujg=1/rs=AMOXD2_s4Gcb3TikydzlELG9lJB5tcctbQ/dti=1/m=_b:1463
[51817466ms] [WARNING] No ID or name found in config. @ https://www.gstatic.com/_/mss/boq-makersuite/_/js/k=boq-makersuite.MakerSuite.fr.-Nn8yVzzUPA.2018.O/am=EAE/d=1/excm=_b/ed=1/dg=0/br=1/wt=2/ujg=1/rs=AMOXD2_s4Gcb3TikydzlELG9lJB5tcctbQ/dti=1/m=_b:1463
[51817467ms] [WARNING] No ID or name found in config. @ https://www.gstatic.com/_/mss/boq-makersuite/_/js/k=boq-makersuite.MakerSuite.fr.-Nn8yVzzUPA.2018.O/am=EAE/d=1/excm=_b/ed=1/dg=0/br=1/wt=2/ujg=1/rs=AMOXD2_s4Gcb3TikydzlELG9lJB5tcctbQ/dti=1/m=_b:1463
[51817467ms] [WARNING] No ID or name found in config. @ https://www.gstatic.com/_/mss/boq-makersuite/_/js/k=boq-makersuite.MakerSuite.fr.-Nn8yVzzUPA.2018.O/am=EAE/d=1/excm=_b/ed=1/dg=0/br=1/wt=2/ujg=1/rs=AMOXD2_s4Gcb3TikydzlELG9lJB5tcctbQ/dti=1/m=_b:1463
[51817467ms] [WARNING] No ID or name found in config. @ https://www.gstatic.com/_/mss/boq-makersuite/_/js/k=boq-makersuite.MakerSuite.fr.-Nn8yVzzUPA.2018.O/am=EAE/d=1/excm=_b/ed=1/dg=0/br=1/wt=2/ujg=1/rs=AMOXD2_s4Gcb3TikydzlELG9lJB5tcctbQ/dti=1/m=_b:1463
[51817467ms] [WARNING] No ID or name found in config. @ https://www.gstatic.com/_/mss/boq-makersuite/_/js/k=boq-makersuite.MakerSuite.fr.-Nn8yVzzUPA.2018.O/am=EAE/d=1/excm=_b/ed=1/dg=0/br=1/wt=2/ujg=1/rs=AMOXD2_s4Gcb3TikydzlELG9lJB5tcctbQ/dti=1/m=_b:1463
[51817468ms] [WARNING] No ID or name found in config. @ https://www.gstatic.com/_/mss/boq-makersuite/_/js/k=boq-makersuite.MakerSuite.fr.-Nn8yVzzUPA.2018.O/am=EAE/d=1/excm=_b/ed=1/dg=0/br=1/wt=2/ujg=1/rs=AMOXD2_s4Gcb3TikydzlELG9lJB5tcctbQ/dti=1/m=_b:1463
[51817468ms] [WARNING] No ID or name found in config. @ https://www.gstatic.com/_/mss/boq-makersuite/_/js/k=boq-makersuite.MakerSuite.fr.-Nn8yVzzUPA.2018.O/am=EAE/d=1/excm=_b/ed=1/dg=0/br=1/wt=2/ujg=1/rs=AMOXD2_s4Gcb3TikydzlELG9lJB5tcctbQ/dti=1/m=_b:1463
[51835074ms] [WARNING] No ID or name found in config. @ https://www.gstatic.com/_/mss/boq-makersuite/_/js/k=boq-makersuite.MakerSuite.fr.-Nn8yVzzUPA.2018.O/am=EAE/d=1/excm=_b/ed=1/dg=0/br=1/wt=2/ujg=1/rs=AMOXD2_s4Gcb3TikydzlELG9lJB5tcctbQ/dti=1/m=_b:1463
[51839732ms] [WARNING] No ID or name found in config. @ https://www.gstatic.com/_/mss/boq-makersuite/_/js/k=boq-makersuite.MakerSuite.fr.-Nn8yVzzUPA.2018.O/am=EAE/d=1/excm=_b/ed=1/dg=0/br=1/wt=2/ujg=1/rs=AMOXD2_s4Gcb3TikydzlELG9lJB5tcctbQ/dti=1/m=_b:1463
[51846792ms] [WARNING] No ID or name found in config. @ https://www.gstatic.com/_/mss/boq-makersuite/_/js/k=boq-makersuite.MakerSuite.fr.-Nn8yVzzUPA.2018.O/am=EAE/d=1/excm=_b/ed=1/dg=0/br=1/wt=2/ujg=1/rs=AMOXD2_s4Gcb3TikydzlELG9lJB5tcctbQ/dti=1/m=_b:1463
[51905560ms] [WARNING] No ID or name found in config. @ https://www.gstatic.com/_/mss/boq-makersuite/_/js/k=boq-makersuite.MakerSuite.fr.-Nn8yVzzUPA.2018.O/am=EAE/d=1/excm=_b/ed=1/dg=0/br=1/wt=2/ujg=1/rs=AMOXD2_s4Gcb3TikydzlELG9lJB5tcctbQ/dti=1/m=_b:1463
[51907075ms] [WARNING] No ID or name found in config. @ https://www.gstatic.com/_/mss/boq-makersuite/_/js/k=boq-makersuite.MakerSuite.fr.-Nn8yVzzUPA.2018.O/am=EAE/d=1/excm=_b/ed=1/dg=0/br=1/wt=2/ujg=1/rs=AMOXD2_s4Gcb3TikydzlELG9lJB5tcctbQ/dti=1/m=_b:1463
[51922176ms] [WARNING] No ID or name found in config. @ https://www.gstatic.com/_/mss/boq-makersuite/_/js/k=boq-makersuite.MakerSuite.fr.-Nn8yVzzUPA.2018.O/am=EAE/d=1/excm=_b/ed=1/dg=0/br=1/wt=2/ujg=1/rs=AMOXD2_s4Gcb3TikydzlELG9lJB5tcctbQ/dti=1/m=_b:1463
[51924742ms] [LOG] [vite] server connection lost. Polling for restart... @ https://ais-dev-fejfl6vcsjyqnf3hdvferd-174175755267.europe-west3.run.app/_aistudio-iframe.js:328
[51932508ms] [WARNING] No ID or name found in config. @ https://www.gstatic.com/_/mss/boq-makersuite/_/js/k=boq-makersuite.MakerSuite.fr.-Nn8yVzzUPA.2018.O/am=EAE/d=1/excm=_b/ed=1/dg=0/br=1/wt=2/ujg=1/rs=AMOXD2_s4Gcb3TikydzlELG9lJB5tcctbQ/dti=1/m=_b:1463
[51932509ms] [WARNING] No ID or name found in config. @ https://www.gstatic.com/_/mss/boq-makersuite/_/js/k=boq-makersuite.MakerSuite.fr.-Nn8yVzzUPA.2018.O/am=EAE/d=1/excm=_b/ed=1/dg=0/br=1/wt=2/ujg=1/rs=AMOXD2_s4Gcb3TikydzlELG9lJB5tcctbQ/dti=1/m=_b:1463
[51932509ms] [WARNING] No ID or name found in config. @ https://www.gstatic.com/_/mss/boq-makersuite/_/js/k=boq-makersuite.MakerSuite.fr.-Nn8yVzzUPA.2018.O/am=EAE/d=1/excm=_b/ed=1/dg=0/br=1/wt=2/ujg=1/rs=AMOXD2_s4Gcb3TikydzlELG9lJB5tcctbQ/dti=1/m=_b:1463
[51932510ms] [WARNING] No ID or name found in config. @ https://www.gstatic.com/_/mss/boq-makersuite/_/js/k=boq-makersuite.MakerSuite.fr.-Nn8yVzzUPA.2018.O/am=EAE/d=1/excm=_b/ed=1/dg=0/br=1/wt=2/ujg=1/rs=AMOXD2_s4Gcb3TikydzlELG9lJB5tcctbQ/dti=1/m=_b:1463
[51932510ms] [WARNING] No ID or name found in config. @ https://www.gstatic.com/_/mss/boq-makersuite/_/js/k=boq-makersuite.MakerSuite.fr.-Nn8yVzzUPA.2018.O/am=EAE/d=1/excm=_b/ed=1/dg=0/br=1/wt=2/ujg=1/rs=AMOXD2_s4Gcb3TikydzlELG9lJB5tcctbQ/dti=1/m=_b:1463
[51932510ms] [WARNING] No ID or name found in config. @ https://www.gstatic.com/_/mss/boq-makersuite/_/js/k=boq-makersuite.MakerSuite.fr.-Nn8yVzzUPA.2018.O/am=EAE/d=1/excm=_b/ed=1/dg=0/br=1/wt=2/ujg=1/rs=AMOXD2_s4Gcb3TikydzlELG9lJB5tcctbQ/dti=1/m=_b:1463
[51932511ms] [WARNING] No ID or name found in config. @ https://www.gstatic.com/_/mss/boq-makersuite/_/js/k=boq-makersuite.MakerSuite.fr.-Nn8yVzzUPA.2018.O/am=EAE/d=1/excm=_b/ed=1/dg=0/br=1/wt=2/ujg=1/rs=AMOXD2_s4Gcb3TikydzlELG9lJB5tcctbQ/dti=1/m=_b:1463
[51932511ms] [WARNING] No ID or name found in config. @ https://www.gstatic.com/_/mss/boq-makersuite/_/js/k=boq-makersuite.MakerSuite.fr.-Nn8yVzzUPA.2018.O/am=EAE/d=1/excm=_b/ed=1/dg=0/br=1/wt=2/ujg=1/rs=AMOXD2_s4Gcb3TikydzlELG9lJB5tcctbQ/dti=1/m=_b:1463
[51932511ms] [WARNING] No ID or name found in config. @ https://www.gstatic.com/_/mss/boq-makersuite/_/js/k=boq-makersuite.MakerSuite.fr.-Nn8yVzzUPA.2018.O/am=EAE/d=1/excm=_b/ed=1/dg=0/br=1/wt=2/ujg=1/rs=AMOXD2_s4Gcb3TikydzlELG9lJB5tcctbQ/dti=1/m=_b:1463
[51932512ms] [WARNING] No ID or name found in config. @ https://www.gstatic.com/_/mss/boq-makersuite/_/js/k=boq-makersuite.MakerSuite.fr.-Nn8yVzzUPA.2018.O/am=EAE/d=1/excm=_b/ed=1/dg=0/br=1/wt=2/ujg=1/rs=AMOXD2_s4Gcb3TikydzlELG9lJB5tcctbQ/dti=1/m=_b:1463
[51932512ms] [WARNING] No ID or name found in config. @ https://www.gstatic.com/_/mss/boq-makersuite/_/js/k=boq-makersuite.MakerSuite.fr.-Nn8yVzzUPA.2018.O/am=EAE/d=1/excm=_b/ed=1/dg=0/br=1/wt=2/ujg=1/rs=AMOXD2_s4Gcb3TikydzlELG9lJB5tcctbQ/dti=1/m=_b:1463
[51932512ms] [WARNING] No ID or name found in config. @ https://www.gstatic.com/_/mss/boq-makersuite/_/js/k=boq-makersuite.MakerSuite.fr.-Nn8yVzzUPA.2018.O/am=EAE/d=1/excm=_b/ed=1/dg=0/br=1/wt=2/ujg=1/rs=AMOXD2_s4Gcb3TikydzlELG9lJB5tcctbQ/dti=1/m=_b:1463
[51932512ms] [WARNING] No ID or name found in config. @ https://www.gstatic.com/_/mss/boq-makersuite/_/js/k=boq-makersuite.MakerSuite.fr.-Nn8yVzzUPA.2018.O/am=EAE/d=1/excm=_b/ed=1/dg=0/br=1/wt=2/ujg=1/rs=AMOXD2_s4Gcb3TikydzlELG9lJB5tcctbQ/dti=1/m=_b:1463
[51932513ms] [WARNING] No ID or name found in config. @ https://www.gstatic.com/_/mss/boq-makersuite/_/js/k=boq-makersuite.MakerSuite.fr.-Nn8yVzzUPA.2018.O/am=EAE/d=1/excm=_b/ed=1/dg=0/br=1/wt=2/ujg=1/rs=AMOXD2_s4Gcb3TikydzlELG9lJB5tcctbQ/dti=1/m=_b:1463
[51932513ms] [WARNING] No ID or name found in config. @ https://www.gstatic.com/_/mss/boq-makersuite/_/js/k=boq-makersuite.MakerSuite.fr.-Nn8yVzzUPA.2018.O/am=EAE/d=1/excm=_b/ed=1/dg=0/br=1/wt=2/ujg=1/rs=AMOXD2_s4Gcb3TikydzlELG9lJB5tcctbQ/dti=1/m=_b:1463
[51932514ms] [WARNING] No ID or name found in config. @ https://www.gstatic.com/_/mss/boq-makersuite/_/js/k=boq-makersuite.MakerSuite.fr.-Nn8yVzzUPA.2018.O/am=EAE/d=1/excm=_b/ed=1/dg=0/br=1/wt=2/ujg=1/rs=AMOXD2_s4Gcb3TikydzlELG9lJB5tcctbQ/dti=1/m=_b:1463
[51932514ms] [WARNING] No ID or name found in config. @ https://www.gstatic.com/_/mss/boq-makersuite/_/js/k=boq-makersuite.MakerSuite.fr.-Nn8yVzzUPA.2018.O/am=EAE/d=1/excm=_b/ed=1/dg=0/br=1/wt=2/ujg=1/rs=AMOXD2_s4Gcb3TikydzlELG9lJB5tcctbQ/dti=1/m=_b:1463
[51932516ms] [WARNING] No ID or name found in config. @ https://www.gstatic.com/_/mss/boq-makersuite/_/js/k=boq-makersuite.MakerSuite.fr.-Nn8yVzzUPA.2018.O/am=EAE/d=1/excm=_b/ed=1/dg=0/br=1/wt=2/ujg=1/rs=AMOXD2_s4Gcb3TikydzlELG9lJB5tcctbQ/dti=1/m=_b:1463
[51932517ms] [WARNING] No ID or name found in config. @ https://www.gstatic.com/_/mss/boq-makersuite/_/js/k=boq-makersuite.MakerSuite.fr.-Nn8yVzzUPA.2018.O/am=EAE/d=1/excm=_b/ed=1/dg=0/br=1/wt=2/ujg=1/rs=AMOXD2_s4Gcb3TikydzlELG9lJB5tcctbQ/dti=1/m=_b:1463
[51932517ms] [WARNING] No ID or name found in config. @ https://www.gstatic.com/_/mss/boq-makersuite/_/js/k=boq-makersuite.MakerSuite.fr.-Nn8yVzzUPA.2018.O/am=EAE/d=1/excm=_b/ed=1/dg=0/br=1/wt=2/ujg=1/rs=AMOXD2_s4Gcb3TikydzlELG9lJB5tcctbQ/dti=1/m=_b:1463
[51932518ms] [WARNING] No ID or name found in config. @ https://www.gstatic.com/_/mss/boq-makersuite/_/js/k=boq-makersuite.MakerSuite.fr.-Nn8yVzzUPA.2018.O/am=EAE/d=1/excm=_b/ed=1/dg=0/br=1/wt=2/ujg=1/rs=AMOXD2_s4Gcb3TikydzlELG9lJB5tcctbQ/dti=1/m=_b:1463
[51932519ms] [WARNING] No ID or name found in config. @ https://www.gstatic.com/_/mss/boq-makersuite/_/js/k=boq-makersuite.MakerSuite.fr.-Nn8yVzzUPA.2018.O/am=EAE/d=1/excm=_b/ed=1/dg=0/br=1/wt=2/ujg=1/rs=AMOXD2_s4Gcb3TikydzlELG9lJB5tcctbQ/dti=1/m=_b:1463
[51932520ms] [WARNING] No ID or name found in config. @ https://www.gstatic.com/_/mss/boq-makersuite/_/js/k=boq-makersuite.MakerSuite.fr.-Nn8yVzzUPA.2018.O/am=EAE/d=1/excm=_b/ed=1/dg=0/br=1/wt=2/ujg=1/rs=AMOXD2_s4Gcb3TikydzlELG9lJB5tcctbQ/dti=1/m=_b:1463
[51932521ms] [WARNING] No ID or name found in config. @ https://www.gstatic.com/_/mss/boq-makersuite/_/js/k=boq-makersuite.MakerSuite.fr.-Nn8yVzzUPA.2018.O/am=EAE/d=1/excm=_b/ed=1/dg=0/br=1/wt=2/ujg=1/rs=AMOXD2_s4Gcb3TikydzlELG9lJB5tcctbQ/dti=1/m=_b:1463
[51932522ms] [WARNING] No ID or name found in config. @ https://www.gstatic.com/_/mss/boq-makersuite/_/js/k=boq-makersuite.MakerSuite.fr.-Nn8yVzzUPA.2018.O/am=EAE/d=1/excm=_b/ed=1/dg=0/br=1/wt=2/ujg=1/rs=AMOXD2_s4Gcb3TikydzlELG9lJB5tcctbQ/dti=1/m=_b:1463
[51932522ms] [WARNING] No ID or name found in config. @ https://www.gstatic.com/_/mss/boq-makersuite/_/js/k=boq-makersuite.MakerSuite.fr.-Nn8yVzzUPA.2018.O/am=EAE/d=1/excm=_b/ed=1/dg=0/br=1/wt=2/ujg=1/rs=AMOXD2_s4Gcb3TikydzlELG9lJB5tcctbQ/dti=1/m=_b:1463
[51932523ms] [WARNING] No ID or name found in config. @ https://www.gstatic.com/_/mss/boq-makersuite/_/js/k=boq-makersuite.MakerSuite.fr.-Nn8yVzzUPA.2018.O/am=EAE/d=1/excm=_b/ed=1/dg=0/br=1/wt=2/ujg=1/rs=AMOXD2_s4Gcb3TikydzlELG9lJB5tcctbQ/dti=1/m=_b:1463
[51932524ms] [WARNING] No ID or name found in config. @ https://www.gstatic.com/_/mss/boq-makersuite/_/js/k=boq-makersuite.MakerSuite.fr.-Nn8yVzzUPA.2018.O/am=EAE/d=1/excm=_b/ed=1/dg=0/br=1/wt=2/ujg=1/rs=AMOXD2_s4Gcb3TikydzlELG9lJB5tcctbQ/dti=1/m=_b:1463
[51932524ms] [WARNING] No ID or name found in config. @ https://www.gstatic.com/_/mss/boq-makersuite/_/js/k=boq-makersuite.MakerSuite.fr.-Nn8yVzzUPA.2018.O/am=EAE/d=1/excm=_b/ed=1/dg=0/br=1/wt=2/ujg=1/rs=AMOXD2_s4Gcb3TikydzlELG9lJB5tcctbQ/dti=1/m=_b:1463
[51932525ms] [WARNING] No ID or name found in config. @ https://www.gstatic.com/_/mss/boq-makersuite/_/js/k=boq-makersuite.MakerSuite.fr.-Nn8yVzzUPA.2018.O/am=EAE/d=1/excm=_b/ed=1/dg=0/br=1/wt=2/ujg=1/rs=AMOXD2_s4Gcb3TikydzlELG9lJB5tcctbQ/dti=1/m=_b:1463
[51932526ms] [WARNING] No ID or name found in config. @ https://www.gstatic.com/_/mss/boq-makersuite/_/js/k=boq-makersuite.MakerSuite.fr.-Nn8yVzzUPA.2018.O/am=EAE/d=1/excm=_b/ed=1/dg=0/br=1/wt=2/ujg=1/rs=AMOXD2_s4Gcb3TikydzlELG9lJB5tcctbQ/dti=1/m=_b:1463
[51932526ms] [WARNING] No ID or name found in config. @ https://www.gstatic.com/_/mss/boq-makersuite/_/js/k=boq-makersuite.MakerSuite.fr.-Nn8yVzzUPA.2018.O/am=EAE/d=1/excm=_b/ed=1/dg=0/br=1/wt=2/ujg=1/rs=AMOXD2_s4Gcb3TikydzlELG9lJB5tcctbQ/dti=1/m=_b:1463
[51932528ms] [WARNING] No ID or name found in config. @ https://www.gstatic.com/_/mss/boq-makersuite/_/js/k=boq-makersuite.MakerSuite.fr.-Nn8yVzzUPA.2018.O/am=EAE/d=1/excm=_b/ed=1/dg=0/br=1/wt=2/ujg=1/rs=AMOXD2_s4Gcb3TikydzlELG9lJB5tcctbQ/dti=1/m=_b:1463
[51932528ms] [WARNING] No ID or name found in config. @ https://www.gstatic.com/_/mss/boq-makersuite/_/js/k=boq-makersuite.MakerSuite.fr.-Nn8yVzzUPA.2018.O/am=EAE/d=1/excm=_b/ed=1/dg=0/br=1/wt=2/ujg=1/rs=AMOXD2_s4Gcb3TikydzlELG9lJB5tcctbQ/dti=1/m=_b:1463
[51932529ms] [WARNING] No ID or name found in config. @ https://www.gstatic.com/_/mss/boq-makersuite/_/js/k=boq-makersuite.MakerSuite.fr.-Nn8yVzzUPA.2018.O/am=EAE/d=1/excm=_b/ed=1/dg=0/br=1/wt=2/ujg=1/rs=AMOXD2_s4Gcb3TikydzlELG9lJB5tcctbQ/dti=1/m=_b:1463
[51932531ms] [WARNING] No ID or name found in config. @ https://www.gstatic.com/_/mss/boq-makersuite/_/js/k=boq-makersuite.MakerSuite.fr.-Nn8yVzzUPA.2018.O/am=EAE/d=1/excm=_b/ed=1/dg=0/br=1/wt=2/ujg=1/rs=AMOXD2_s4Gcb3TikydzlELG9lJB5tcctbQ/dti=1/m=_b:1463
[51932531ms] [WARNING] No ID or name found in config. @ https://www.gstatic.com/_/mss/boq-makersuite/_/js/k=boq-makersuite.MakerSuite.fr.-Nn8yVzzUPA.2018.O/am=EAE/d=1/excm=_b/ed=1/dg=0/br=1/wt=2/ujg=1/rs=AMOXD2_s4Gcb3TikydzlELG9lJB5tcctbQ/dti=1/m=_b:1463
[51932531ms] [WARNING] No ID or name found in config. @ https://www.gstatic.com/_/mss/boq-makersuite/_/js/k=boq-makersuite.MakerSuite.fr.-Nn8yVzzUPA.2018.O/am=EAE/d=1/excm=_b/ed=1/dg=0/br=1/wt=2/ujg=1/rs=AMOXD2_s4Gcb3TikydzlELG9lJB5tcctbQ/dti=1/m=_b:1463
[51932532ms] [WARNING] No ID or name found in config. @ https://www.gstatic.com/_/mss/boq-makersuite/_/js/k=boq-makersuite.MakerSuite.fr.-Nn8yVzzUPA.2018.O/am=EAE/d=1/excm=_b/ed=1/dg=0/br=1/wt=2/ujg=1/rs=AMOXD2_s4Gcb3TikydzlELG9lJB5tcctbQ/dti=1/m=_b:1463
[51932532ms] [WARNING] No ID or name found in config. @ https://www.gstatic.com/_/mss/boq-makersuite/_/js/k=boq-makersuite.MakerSuite.fr.-Nn8yVzzUPA.2018.O/am=EAE/d=1/excm=_b/ed=1/dg=0/br=1/wt=2/ujg=1/rs=AMOXD2_s4Gcb3TikydzlELG9lJB5tcctbQ/dti=1/m=_b:1463
[51932532ms] [WARNING] No ID or name found in config. @ https://www.gstatic.com/_/mss/boq-makersuite/_/js/k=boq-makersuite.MakerSuite.fr.-Nn8yVzzUPA.2018.O/am=EAE/d=1/excm=_b/ed=1/dg=0/br=1/wt=2/ujg=1/rs=AMOXD2_s4Gcb3TikydzlELG9lJB5tcctbQ/dti=1/m=_b:1463
[51932533ms] [WARNING] No ID or name found in config. @ https://www.gstatic.com/_/mss/boq-makersuite/_/js/k=boq-makersuite.MakerSuite.fr.-Nn8yVzzUPA.2018.O/am=EAE/d=1/excm=_b/ed=1/dg=0/br=1/wt=2/ujg=1/rs=AMOXD2_s4Gcb3TikydzlELG9lJB5tcctbQ/dti=1/m=_b:1463
[51932534ms] [WARNING] No ID or name found in config. @ https://www.gstatic.com/_/mss/boq-makersuite/_/js/k=boq-makersuite.MakerSuite.fr.-Nn8yVzzUPA.2018.O/am=EAE/d=1/excm=_b/ed=1/dg=0/br=1/wt=2/ujg=1/rs=AMOXD2_s4Gcb3TikydzlELG9lJB5tcctbQ/dti=1/m=_b:1463
[51932541ms] [WARNING] No ID or name found in config. @ https://www.gstatic.com/_/mss/boq-makersuite/_/js/k=boq-makersuite.MakerSuite.fr.-Nn8yVzzUPA.2018.O/am=EAE/d=1/excm=_b/ed=1/dg=0/br=1/wt=2/ujg=1/rs=AMOXD2_s4Gcb3TikydzlELG9lJB5tcctbQ/dti=1/m=_b:1463
[51932541ms] [WARNING] No ID or name found in config. @ https://www.gstatic.com/_/mss/boq-makersuite/_/js/k=boq-makersuite.MakerSuite.fr.-Nn8yVzzUPA.2018.O/am=EAE/d=1/excm=_b/ed=1/dg=0/br=1/wt=2/ujg=1/rs=AMOXD2_s4Gcb3TikydzlELG9lJB5tcctbQ/dti=1/m=_b:1463
[51932541ms] [WARNING] No ID or name found in config. @ https://www.gstatic.com/_/mss/boq-makersuite/_/js/k=boq-makersuite.MakerSuite.fr.-Nn8yVzzUPA.2018.O/am=EAE/d=1/excm=_b/ed=1/dg=0/br=1/wt=2/ujg=1/rs=AMOXD2_s4Gcb3TikydzlELG9lJB5tcctbQ/dti=1/m=_b:1463
[51932542ms] [WARNING] No ID or name found in config. @ https://www.gstatic.com/_/mss/boq-makersuite/_/js/k=boq-makersuite.MakerSuite.fr.-Nn8yVzzUPA.2018.O/am=EAE/d=1/excm=_b/ed=1/dg=0/br=1/wt=2/ujg=1/rs=AMOXD2_s4Gcb3TikydzlELG9lJB5tcctbQ/dti=1/m=_b:1463
[52141100ms] [WARNING] The width(-1) and height(-1) of chart should be greater than 0,
       please check the style of container, or the props width(100%) and height(100%),
       or add a minWidth(0) or minHeight(undefined) or use aspect(undefined) to control the
       height and width. @ https://ais-dev-fejfl6vcsjyqnf3hdvferd-174175755267.europe-west3.run.app/_aistudio-iframe.js:343
[52141104ms] [WARNING] The width(-1) and height(-1) of chart should be greater than 0,
       please check the style of container, or the props width(100%) and height(100%),
       or add a minWidth(0) or minHeight(undefined) or use aspect(undefined) to control the
       height and width. @ https://ais-dev-fejfl6vcsjyqnf3hdvferd-174175755267.europe-west3.run.app/_aistudio-iframe.js:343
[52195856ms] [WARNING] The width(-1) and height(-1) of chart should be greater than 0,
       please check the style of container, or the props width(100%) and height(100%),
       or add a minWidth(0) or minHeight(undefined) or use aspect(undefined) to control the
       height and width. @ https://ais-dev-fejfl6vcsjyqnf3hdvferd-174175755267.europe-west3.run.app/_aistudio-iframe.js:343
[52195857ms] [WARNING] The width(-1) and height(-1) of chart should be greater than 0,
       please check the style of container, or the props width(100%) and height(100%),
       or add a minWidth(0) or minHeight(undefined) or use aspect(undefined) to control the
       height and width. @ https://ais-dev-fejfl6vcsjyqnf3hdvferd-174175755267.europe-west3.run.app/_aistudio-iframe.js:343
[52400971ms] [WARNING] Lh @ https://www.gstatic.com/monaco_editor/HYZlMEXM6ED6/vs/editor/editor.main.js:600
[52795669ms] [LOG] [vite] server connection lost. Polling for restart... @ https://ais-dev-fejfl6vcsjyqnf3hdvferd-174175755267.europe-west3.run.app/_aistudio-iframe.js:328
[52796734ms] [ERROR] WebSocket connection to 'wss://ais-dev-fejfl6vcsjyqnf3hdvferd-174175755267.europe-west3.run.app/' failed: Error during WebSocket handshake: 'Sec-WebSocket-Accept' header is missing @ https://ais-dev-fejfl6vcsjyqnf3hdvferd-174175755267.europe-west3.run.app/_aistudio-iframe.js:272
[52799601ms] [WARNING] No ID or name found in config. @ https://www.gstatic.com/_/mss/boq-makersuite/_/js/k=boq-makersuite.MakerSuite.fr.-Nn8yVzzUPA.2018.O/am=EAE/d=1/excm=_b/ed=1/dg=0/br=1/wt=2/ujg=1/rs=AMOXD2_s4Gcb3TikydzlELG9lJB5tcctbQ/dti=1/m=_b:1463
[52799602ms] [WARNING] No ID or name found in config. @ https://www.gstatic.com/_/mss/boq-makersuite/_/js/k=boq-makersuite.MakerSuite.fr.-Nn8yVzzUPA.2018.O/am=EAE/d=1/excm=_b/ed=1/dg=0/br=1/wt=2/ujg=1/rs=AMOXD2_s4Gcb3TikydzlELG9lJB5tcctbQ/dti=1/m=_b:1463
[52796734ms] [ERROR] WebSocket connection to 'wss://ais-dev-fejfl6vcsjyqnf3hdvferd-174175755267.europe-west3.run.app/' failed: Error during WebSocket handshake: 'Sec-WebSocket-Accept' header is missing @ https://ais-dev-fejfl6vcsjyqnf3hdvferd-174175755267.europe-west3.run.app/_aistudio-iframe.js:272
[52821100ms] [WARNING] The width(-1) and height(-1) of chart should be greater than 0,
       please check the style of container, or the props width(100%) and height(100%),
       or add a minWidth(0) or minHeight(undefined) or use aspect(undefined) to control the
       height and width. @ https://ais-dev-fejfl6vcsjyqnf3hdvferd-174175755267.europe-west3.run.app/_aistudio-iframe.js:343
[52821100ms] [WARNING] The width(-1) and height(-1) of chart should be greater than 0,
       please check the style of container, or the props width(100%) and height(100%),
       or add a minWidth(0) or minHeight(undefined) or use aspect(undefined) to control the
       height and width. @ https://ais-dev-fejfl6vcsjyqnf3hdvferd-174175755267.europe-west3.run.app/_aistudio-iframe.js:343
[52996971ms] [WARNING] No ID or name found in config. @ https://www.gstatic.com/_/mss/boq-makersuite/_/js/k=boq-makersuite.MakerSuite.fr.-Nn8yVzzUPA.2018.O/am=EAE/d=1/excm=_b/ed=1/dg=0/br=1/wt=2/ujg=1/rs=AMOXD2_s4Gcb3TikydzlELG9lJB5tcctbQ/dti=1/m=_b:1463
[53022322ms] [ERROR] Failed to load resource: the server responded with a status of 404 () @ https://alkalimakersuite-pa.clients6.google.com/$rpc/google.internal.alkali.applications.makersuite.v1.MakerSuiteService/GetAppletSecret:0
[53022326ms] [ERROR] Failed to fetch secret or keys RpcError: Requested entity was not found.
    at _.Cv.<anonymous> (https://www.gstatic.com/_/mss/boq-makersuite/_/js/k=boq-makersuite.MakerSuite.fr.-Nn8yVzzUPA.2018.O/am=EAE/d=1/excm=_b/ed=1/dg=0/br=1/wt=2/ujg=1/rs=AMOXD2_s4Gcb3TikydzlELG9lJB5tcctbQ/dti=1/m=_b:1346:348)
    at HWa (https://www.gstatic.com/_/mss/boq-makersuite/_/js/k=boq-makersuite.MakerSuite.fr.-Nn8yVzzUPA.2018.O/am=EAE/d=1/excm=_b/ed=1/dg=0/br=1/wt=2/ujg=1/rs=AMOXD2_s4Gcb3TikydzlELG9lJB5tcctbQ/dti=1/m=_b:1311:222)
    at _.aa.dispatchEvent (https://www.gstatic.com/_/mss/boq-makersuite/_/js/k=boq-makersuite.MakerSuite.fr.-Nn8yVzzUPA.2018.O/am=EAE/d=1/excm=_b/ed=1/dg=0/br=1/wt=2/ujg=1/rs=AMOXD2_s4Gcb3TikydzlELG9lJB5tcctbQ/dti=1/m=_b:1309:384)
    at xXa (https://www.gstatic.com/_/mss/boq-makersuite/_/js/k=boq-makersuite.MakerSuite.fr.-Nn8yVzzUPA.2018.O/am=EAE/d=1/excm=_b/ed=1/dg=0/br=1/wt=2/ujg=1/rs=AMOXD2_s4Gcb3TikydzlELG9lJB5tcctbQ/dti=1/m=_b:1325:425)
    at zXa (https://www.gstatic.com/_/mss/boq-makersuite/_/js/k=boq-makersuite.MakerSuite.fr.-Nn8yVzzUPA.2018.O/am=EAE/d=1/excm=_b/ed=1/dg=0/br=1/wt=2/ujg=1/rs=AMOXD2_s4Gcb3TikydzlELG9lJB5tcctbQ/dti=1/m=_b:1327:317)
    at _.Cv.za (https://www.gstatic.com/_/mss/boq-makersuite/_/js/k=boq-makersuite.MakerSuite.fr.-Nn8yVzzUPA.2018.O/am=EAE/d=1/excm=_b/ed=1/dg=0/br=1/wt=2/ujg=1/rs=AMOXD2_s4Gcb3TikydzlELG9lJB5tcctbQ/dti=1/m=_b:1326:434)
    at _.Cv.c [as za] (https://www.gstatic.com/_/mss/boq-makersuite/_/js/k=boq-makersuite.MakerSuite.fr.-Nn8yVzzUPA.2018.O/am=EAE/d=1/excm=_b/ed=1/dg=0/br=1/wt=2/ujg=1/rs=AMOXD2_s4Gcb3TikydzlELG9lJB5tcctbQ/dti=1/m=_b:1394:252)
    at _.Cv.Oa (https://www.gstatic.com/_/mss/boq-makersuite/_/js/k=boq-makersuite.MakerSuite.fr.-Nn8yVzzUPA.2018.O/am=EAE/d=1/excm=_b/ed=1/dg=0/br=1/wt=2/ujg=1/rs=AMOXD2_s4Gcb3TikydzlELG9lJB5tcctbQ/dti=1/m=_b:1326:398)
AsyncStack
    at CYa (https://www.gstatic.com/_/mss/boq-makersuite/_/js/k=boq-makersuite.MakerSuite.fr.-Nn8yVzzUPA.2018.O/am=EAE/d=1/excm=_b/ed=1/dg=0/br=1/wt=2/ujg=1/rs=AMOXD2_s4Gcb3TikydzlELG9lJB5tcctbQ/dti=1/m=_b:1345:214)
    at gZa (https://www.gstatic.com/_/mss/boq-makersuite/_/js/k=boq-makersuite.MakerSuite.fr.-Nn8yVzzUPA.2018.O/am=EAE/d=1/excm=_b/ed=1/dg=0/br=1/wt=2/ujg=1/rs=AMOXD2_s4Gcb3TikydzlELG9lJB5tcctbQ/dti=1/m=_b:1379:637)
    at https://www.gstatic.com/_/mss/boq-makersuite/_/js/k=boq-makersuite.MakerSuite.fr.-Nn8yVzzUPA.2018.O/am=EAE/d=1/excm=_b/ed=1/dg=0/br=1/wt=2/ujg=1/rs=AMOXD2_s4Gcb3TikydzlELG9lJB5tcctbQ/dti=1/m=_b:1380:224
    at new Promise (<anonymous>)
    at https://www.gstatic.com/_/mss/boq-makersuite/_/js/k=boq-makersuite.MakerSuite.fr.-Nn8yVzzUPA.2018.O/am=EAE/d=1/excm=_b/ed=1/dg=0/br=1/wt=2/ujg=1/rs=AMOXD2_s4Gcb3TikydzlELG9lJB5tcctbQ/dti=1/m=_b:1380:114
    at https://www.gstatic.com/_/mss/boq-makersuite/_/js/k=boq-makersuite.MakerSuite.fr.-Nn8yVzzUPA.2018.O/am=EAE/d=1/excm=_b/ed=1/dg=0/br=1/wt=2/ujg=1/rs=AMOXD2_s4Gcb3TikydzlELG9lJB5tcctbQ/dti=1/m=_b:2184:534
    at Generator.next (<anonymous>)
    at https://www.gstatic.com/_/mss/boq-makersuite/_/js/k=boq-makersuite.MakerSuite.fr.-Nn8yVzzUPA.2018.O/am=EAE/d=1/excm=_b/ed=1/dg=0/br=1/wt=2/ujg=1/rs=AMOXD2_s4Gcb3TikydzlELG9lJB5tcctbQ/dti=1/m=_b:1052:476
    at new Promise (<anonymous>)
    at fOa (https://www.gstatic.com/_/mss/boq-makersuite/_/js/k=boq-makersuite.MakerSuite.fr.-Nn8yVzzUPA.2018.O/am=EAE/d=1/excm=_b/ed=1/dg=0/br=1/wt=2/ujg=1/rs=AMOXD2_s4Gcb3TikydzlELG9lJB5tcctbQ/dti=1/m=_b:1052:369) @ https://www.gstatic.com/_/mss/boq-makersuite/_/js/k=boq-makersuite.MakerSuite.fr.-Nn8yVzzUPA.2018.O/ck=boq-makersuite.MakerSuite.O-rQLqHq_WI.L.B1.O/am=EAE/d=1/exm=XVDWwe,_b/excm=_b/ed=1/br=1/wt=2/ujg=1/rs=AMOXD28Tigfit4RfB1RnBRPVM5leiV76Iw/dti=1/m=Jn51xb:1723
[53029747ms] [ERROR] Failed to load resource: the server responded with a status of 404 () @ https://alkalimakersuite-pa.clients6.google.com/$rpc/google.internal.alkali.applications.makersuite.v1.MakerSuiteService/GetAppletSecret:0
[53029749ms] [ERROR] Failed to fetch secret or keys RpcError: Requested entity was not found.
    at _.Cv.<anonymous> (https://www.gstatic.com/_/mss/boq-makersuite/_/js/k=boq-makersuite.MakerSuite.fr.-Nn8yVzzUPA.2018.O/am=EAE/d=1/excm=_b/ed=1/dg=0/br=1/wt=2/ujg=1/rs=AMOXD2_s4Gcb3TikydzlELG9lJB5tcctbQ/dti=1/m=_b:1346:348)
    at HWa (https://www.gstatic.com/_/mss/boq-makersuite/_/js/k=boq-makersuite.MakerSuite.fr.-Nn8yVzzUPA.2018.O/am=EAE/d=1/excm=_b/ed=1/dg=0/br=1/wt=2/ujg=1/rs=AMOXD2_s4Gcb3TikydzlELG9lJB5tcctbQ/dti=1/m=_b:1311:222)
    at _.aa.dispatchEvent (https://www.gstatic.com/_/mss/boq-makersuite/_/js/k=boq-makersuite.MakerSuite.fr.-Nn8yVzzUPA.2018.O/am=EAE/d=1/excm=_b/ed=1/dg=0/br=1/wt=2/ujg=1/rs=AMOXD2_s4Gcb3TikydzlELG9lJB5tcctbQ/dti=1/m=_b:1309:384)
    at xXa (https://www.gstatic.com/_/mss/boq-makersuite/_/js/k=boq-makersuite.MakerSuite.fr.-Nn8yVzzUPA.2018.O/am=EAE/d=1/excm=_b/ed=1/dg=0/br=1/wt=2/ujg=1/rs=AMOXD2_s4Gcb3TikydzlELG9lJB5tcctbQ/dti=1/m=_b:1325:425)
    at zXa (https://www.gstatic.com/_/mss/boq-makersuite/_/js/k=boq-makersuite.MakerSuite.fr.-Nn8yVzzUPA.2018.O/am=EAE/d=1/excm=_b/ed=1/dg=0/br=1/wt=2/ujg=1/rs=AMOXD2_s4Gcb3TikydzlELG9lJB5tcctbQ/dti=1/m=_b:1327:317)
    at _.Cv.za (https://www.gstatic.com/_/mss/boq-makersuite/_/js/k=boq-makersuite.MakerSuite.fr.-Nn8yVzzUPA.2018.O/am=EAE/d=1/excm=_b/ed=1/dg=0/br=1/wt=2/ujg=1/rs=AMOXD2_s4Gcb3TikydzlELG9lJB5tcctbQ/dti=1/m=_b:1326:434)
    at _.Cv.c [as za] (https://www.gstatic.com/_/mss/boq-makersuite/_/js/k=boq-makersuite.MakerSuite.fr.-Nn8yVzzUPA.2018.O/am=EAE/d=1/excm=_b/ed=1/dg=0/br=1/wt=2/ujg=1/rs=AMOXD2_s4Gcb3TikydzlELG9lJB5tcctbQ/dti=1/m=_b:1394:252)
    at _.Cv.Oa (https://www.gstatic.com/_/mss/boq-makersuite/_/js/k=boq-makersuite.MakerSuite.fr.-Nn8yVzzUPA.2018.O/am=EAE/d=1/excm=_b/ed=1/dg=0/br=1/wt=2/ujg=1/rs=AMOXD2_s4Gcb3TikydzlELG9lJB5tcctbQ/dti=1/m=_b:1326:398)
AsyncStack
    at CYa (https://www.gstatic.com/_/mss/boq-makersuite/_/js/k=boq-makersuite.MakerSuite.fr.-Nn8yVzzUPA.2018.O/am=EAE/d=1/excm=_b/ed=1/dg=0/br=1/wt=2/ujg=1/rs=AMOXD2_s4Gcb3TikydzlELG9lJB5tcctbQ/dti=1/m=_b:1345:214)
    at gZa (https://www.gstatic.com/_/mss/boq-makersuite/_/js/k=boq-makersuite.MakerSuite.fr.-Nn8yVzzUPA.2018.O/am=EAE/d=1/excm=_b/ed=1/dg=0/br=1/wt=2/ujg=1/rs=AMOXD2_s4Gcb3TikydzlELG9lJB5tcctbQ/dti=1/m=_b:1379:637)
    at https://www.gstatic.com/_/mss/boq-makersuite/_/js/k=boq-makersuite.MakerSuite.fr.-Nn8yVzzUPA.2018.O/am=EAE/d=1/excm=_b/ed=1/dg=0/br=1/wt=2/ujg=1/rs=AMOXD2_s4Gcb3TikydzlELG9lJB5tcctbQ/dti=1/m=_b:1380:224
    at new Promise (<anonymous>)
    at https://www.gstatic.com/_/mss/boq-makersuite/_/js/k=boq-makersuite.MakerSuite.fr.-Nn8yVzzUPA.2018.O/am=EAE/d=1/excm=_b/ed=1/dg=0/br=1/wt=2/ujg=1/rs=AMOXD2_s4Gcb3TikydzlELG9lJB5tcctbQ/dti=1/m=_b:1380:114
    at https://www.gstatic.com/_/mss/boq-makersuite/_/js/k=boq-makersuite.MakerSuite.fr.-Nn8yVzzUPA.2018.O/am=EAE/d=1/excm=_b/ed=1/dg=0/br=1/wt=2/ujg=1/rs=AMOXD2_s4Gcb3TikydzlELG9lJB5tcctbQ/dti=1/m=_b:2184:534
    at Generator.next (<anonymous>)
    at https://www.gstatic.com/_/mss/boq-makersuite/_/js/k=boq-makersuite.MakerSuite.fr.-Nn8yVzzUPA.2018.O/am=EAE/d=1/excm=_b/ed=1/dg=0/br=1/wt=2/ujg=1/rs=AMOXD2_s4Gcb3TikydzlELG9lJB5tcctbQ/dti=1/m=_b:1052:476
    at new Promise (<anonymous>)
    at fOa (https://www.gstatic.com/_/mss/boq-makersuite/_/js/k=boq-makersuite.MakerSuite.fr.-Nn8yVzzUPA.2018.O/am=EAE/d=1/excm=_b/ed=1/dg=0/br=1/wt=2/ujg=1/rs=AMOXD2_s4Gcb3TikydzlELG9lJB5tcctbQ/dti=1/m=_b:1052:369) @ https://www.gstatic.com/_/mss/boq-makersuite/_/js/k=boq-makersuite.MakerSuite.fr.-Nn8yVzzUPA.2018.O/ck=boq-makersuite.MakerSuite.O-rQLqHq_WI.L.B1.O/am=EAE/d=1/exm=XVDWwe,_b/excm=_b/ed=1/br=1/wt=2/ujg=1/rs=AMOXD28Tigfit4RfB1RnBRPVM5leiV76Iw/dti=1/m=Jn51xb:1723
[53064707ms] [ERROR] Failed to load resource: the server responded with a status of 404 () @ https://alkalimakersuite-pa.clients6.google.com/$rpc/google.internal.alkali.applications.makersuite.v1.MakerSuiteService/GetAppletSecret:0
[53064711ms] [ERROR] Failed to fetch secret or keys RpcError: Requested entity was not found.
    at _.Cv.<anonymous> (https://www.gstatic.com/_/mss/boq-makersuite/_/js/k=boq-makersuite.MakerSuite.fr.-Nn8yVzzUPA.2018.O/am=EAE/d=1/excm=_b/ed=1/dg=0/br=1/wt=2/ujg=1/rs=AMOXD2_s4Gcb3TikydzlELG9lJB5tcctbQ/dti=1/m=_b:1346:348)
    at HWa (https://www.gstatic.com/_/mss/boq-makersuite/_/js/k=boq-makersuite.MakerSuite.fr.-Nn8yVzzUPA.2018.O/am=EAE/d=1/excm=_b/ed=1/dg=0/br=1/wt=2/ujg=1/rs=AMOXD2_s4Gcb3TikydzlELG9lJB5tcctbQ/dti=1/m=_b:1311:222)
    at _.aa.dispatchEvent (https://www.gstatic.com/_/mss/boq-makersuite/_/js/k=boq-makersuite.MakerSuite.fr.-Nn8yVzzUPA.2018.O/am=EAE/d=1/excm=_b/ed=1/dg=0/br=1/wt=2/ujg=1/rs=AMOXD2_s4Gcb3TikydzlELG9lJB5tcctbQ/dti=1/m=_b:1309:384)
    at xXa (https://www.gstatic.com/_/mss/boq-makersuite/_/js/k=boq-makersuite.MakerSuite.fr.-Nn8yVzzUPA.2018.O/am=EAE/d=1/excm=_b/ed=1/dg=0/br=1/wt=2/ujg=1/rs=AMOXD2_s4Gcb3TikydzlELG9lJB5tcctbQ/dti=1/m=_b:1325:425)
    at zXa (https://www.gstatic.com/_/mss/boq-makersuite/_/js/k=boq-makersuite.MakerSuite.fr.-Nn8yVzzUPA.2018.O/am=EAE/d=1/excm=_b/ed=1/dg=0/br=1/wt=2/ujg=1/rs=AMOXD2_s4Gcb3TikydzlELG9lJB5tcctbQ/dti=1/m=_b:1327:317)
    at _.Cv.za (https://www.gstatic.com/_/mss/boq-makersuite/_/js/k=boq-makersuite.MakerSuite.fr.-Nn8yVzzUPA.2018.O/am=EAE/d=1/excm=_b/ed=1/dg=0/br=1/wt=2/ujg=1/rs=AMOXD2_s4Gcb3TikydzlELG9lJB5tcctbQ/dti=1/m=_b:1326:434)
    at _.Cv.c [as za] (https://www.gstatic.com/_/mss/boq-makersuite/_/js/k=boq-makersuite.MakerSuite.fr.-Nn8yVzzUPA.2018.O/am=EAE/d=1/excm=_b/ed=1/dg=0/br=1/wt=2/ujg=1/rs=AMOXD2_s4Gcb3TikydzlELG9lJB5tcctbQ/dti=1/m=_b:1394:252)
    at _.Cv.Oa (https://www.gstatic.com/_/mss/boq-makersuite/_/js/k=boq-makersuite.MakerSuite.fr.-Nn8yVzzUPA.2018.O/am=EAE/d=1/excm=_b/ed=1/dg=0/br=1/wt=2/ujg=1/rs=AMOXD2_s4Gcb3TikydzlELG9lJB5tcctbQ/dti=1/m=_b:1326:398)
AsyncStack
    at CYa (https://www.gstatic.com/_/mss/boq-makersuite/_/js/k=boq-makersuite.MakerSuite.fr.-Nn8yVzzUPA.2018.O/am=EAE/d=1/excm=_b/ed=1/dg=0/br=1/wt=2/ujg=1/rs=AMOXD2_s4Gcb3TikydzlELG9lJB5tcctbQ/dti=1/m=_b:1345:214)
    at gZa (https://www.gstatic.com/_/mss/boq-makersuite/_/js/k=boq-makersuite.MakerSuite.fr.-Nn8yVzzUPA.2018.O/am=EAE/d=1/excm=_b/ed=1/dg=0/br=1/wt=2/ujg=1/rs=AMOXD2_s4Gcb3TikydzlELG9lJB5tcctbQ/dti=1/m=_b:1379:637)
    at https://www.gstatic.com/_/mss/boq-makersuite/_/js/k=boq-makersuite.MakerSuite.fr.-Nn8yVzzUPA.2018.O/am=EAE/d=1/excm=_b/ed=1/dg=0/br=1/wt=2/ujg=1/rs=AMOXD2_s4Gcb3TikydzlELG9lJB5tcctbQ/dti=1/m=_b:1380:224
    at new Promise (<anonymous>)
    at https://www.gstatic.com/_/mss/boq-makersuite/_/js/k=boq-makersuite.MakerSuite.fr.-Nn8yVzzUPA.2018.O/am=EAE/d=1/excm=_b/ed=1/dg=0/br=1/wt=2/ujg=1/rs=AMOXD2_s4Gcb3TikydzlELG9lJB5tcctbQ/dti=1/m=_b:1380:114
    at https://www.gstatic.com/_/mss/boq-makersuite/_/js/k=boq-makersuite.MakerSuite.fr.-Nn8yVzzUPA.2018.O/am=EAE/d=1/excm=_b/ed=1/dg=0/br=1/wt=2/ujg=1/rs=AMOXD2_s4Gcb3TikydzlELG9lJB5tcctbQ/dti=1/m=_b:2184:534
    at Generator.next (<anonymous>)
    at https://www.gstatic.com/_/mss/boq-makersuite/_/js/k=boq-makersuite.MakerSuite.fr.-Nn8yVzzUPA.2018.O/am=EAE/d=1/excm=_b/ed=1/dg=0/br=1/wt=2/ujg=1/rs=AMOXD2_s4Gcb3TikydzlELG9lJB5tcctbQ/dti=1/m=_b:1052:476
    at new Promise (<anonymous>)
    at fOa (https://www.gstatic.com/_/mss/boq-makersuite/_/js/k=boq-makersuite.MakerSuite.fr.-Nn8yVzzUPA.2018.O/am=EAE/d=1/excm=_b/ed=1/dg=0/br=1/wt=2/ujg=1/rs=AMOXD2_s4Gcb3TikydzlELG9lJB5tcctbQ/dti=1/m=_b:1052:369) @ https://www.gstatic.com/_/mss/boq-makersuite/_/js/k=boq-makersuite.MakerSuite.fr.-Nn8yVzzUPA.2018.O/ck=boq-makersuite.MakerSuite.O-rQLqHq_WI.L.B1.O/am=EAE/d=1/exm=XVDWwe,_b/excm=_b/ed=1/br=1/wt=2/ujg=1/rs=AMOXD28Tigfit4RfB1RnBRPVM5leiV76Iw/dti=1/m=Jn51xb:1723
